Postal_Code,Customer_ID,City_ID
42420,CG-12520,1.0
90036,DV-13045,2.0
33311,SO-20335,3.0
90032,BH-11710,4.0
28027,AA-10480,5.0
98103,IM-15070,6.0
76106,HP-14815,7.0
53711,PK-19075,8.0
84084,AG-10270,9.0
94109,ZD-21925,10.0
68025,KB-16585,11.0
19140,SF-20065,12.0
84057,EB-13870,13.0
90049,EH-13945,14.0
19140,TB-21520,15.0
77095,MA-17560,16.0
75080,GH-14485,17.0
77041,SN-20710,18.0
60540,LC-16930,19.0
90049,RA-19885,20.0
32935,ES-14080,21.0
55122,ON-18715,22.0
48185,PO-18865,23.0
19901,LH-16900,24.0
47150,DP-13000,25.0
10024,JM-15265,26.0
12180,TB-21055,27.0
90004,KM-16720,28.0
85234,BS-11590,29.0
22153,KD-16270,30.0
49201,TB-21520,31.0
38109,JE-15745,32.0
77041,KB-16600,33.0
77070,JE-15745,34.0
35601,SC-20770,35.0
94122,DN-13690,36.0
27707,JC-16105,37.0
60623,CS-12400,38.0
29203,PO-18865,39.0
55901,PG-18895,40.0
77095,GM-14455,41.0
90036,JS-15685,42.0
55407,KB-16315,43.0
97206,RB-19705,44.0
10009,PN-18775,45.0
94122,KD-16345,46.0
55106,ER-13855,47.0
60610,RB-19465,48.0
55901,GZ-14470,49.0
80013,LC-16870,50.0
28205,JM-15250,51.0
60462,PA-19060,52.0
10035,CV-12805,53.0
50322,CL-12565,54.0
43229,RC-19960,55.0
98103,DK-13090,56.0
37620,GG-14650,57.0
19805,SC-20725,58.0
77041,AD-10180,59.0
61701,PF-19165,60.0
85023,TS-21610,61.0
90004,LS-16975,62.0
43229,DW-13585,63.0
95661,LC-16885,64.0
94122,SH-19975,65.0
64055,SG-20080,66.0
91104,HA-14920,67.0
43055,MG-17680,68.0
53132,JE-16165,69.0
85254,TW-21025,70.0
95123,SP-20650,71.0
98105,NK-18490,72.0
98115,DB-13060,73.0
73034,NP-18670,74.0
90045,TT-21070,75.0
19134,EM-13960,76.0
88220,RD-19900,77.0
98115,MJ-17740,78.0
78207,BM-11140,79.0
90004,CS-12130,80.0
60623,JB-15400,81.0
77036,SJ-20500,82.0
43055,JE-15745,83.0
10009,JK-15640,84.0
62521,DK-13150,85.0
71203,RM-19675,86.0
6824,SK-19990,87.0
90032,FM-14290,88.0
75051,AM-10360,89.0
10035,MP-17470,90.0
92374,MZ-17515,91.0
45011,CB-12025,92.0
7090,VM-21685,93.0
19120,FH-14365,94.0
44312,MB-17305,95.0
80219,BS-11755,96.0
75220,LC-17140,97.0
37064,HK-14890,98.0
90604,LE-16810,99.0
48601,JH-15985,100.0
75220,MS-17980,101.0
44256,VW-21775,102.0
90032,JH-15910,103.0
43017,JB-15925,104.0
48227,DS-13180,105.0
38401,VD-21670,106.0
28205,EA-14035,107.0
33614,CS-12400,108.0
95051,DB-13120,109.0
60610,KL-16645,110.0
55044,DW-13480,111.0
94109,LH-17155,112.0
92037,KC-16540,113.0
10024,DL-13315,114.0
60623,DR-12880,115.0
10009,CC-12670,116.0
77506,Dl-13600,117.0
77036,SB-20290,118.0
60610,RC-19825,119.0
94513,AH-10210,120.0
27514,CB-12535,121.0
7960,PG-18895,122.0
45231,CA-12310,123.0
94110,KH-16690,124.0
94109,HA-14920,125.0
90301,BB-10990,126.0
19140,AG-10495,127.0
77070,SC-20725,128.0
90004,JO-15280,129.0
97206,TB-21520,130.0
33319,AH-10195,131.0
43229,NZ-18565,132.0
80906,KL-16555,133.0
7109,JD-15895,134.0
60623,JH-15910,135.0
10024,AS-10225,136.0
48180,KB-16600,137.0
8701,CR-12625,138.0
22204,SH-20395,139.0
80004,BP-11185,140.0
7601,TS-21205,141.0
33710,AG-10525,142.0
19143,SP-20860,143.0
10024,NM-18445,144.0
90805,FA-14230,145.0
92345,GK-14620,146.0
37130,DJ-13510,147.0
19143,PO-18850,148.0
19134,JL-15850,149.0
90045,DB-13615,150.0
94122,AC-10420,151.0
84041,KL-16645,152.0
19140,JD-15895,153.0
78745,CS-12130,154.0
94122,CC-12550,155.0
1852,TD-20995,156.0
10009,AB-10060,157.0
10035,JL-15505,158.0
28205,HK-14890,159.0
31907,VB-21745,160.0
10009,KW-16435,161.0
94109,JD-16060,162.0
6040,MK-17905,163.0
78550,GT-14755,164.0
85705,AG-10900,165.0
62301,MM-18280,166.0
2038,AR-10405,167.0
77095,RA-19915,168.0
94109,AS-10285,169.0
48180,LA-16780,170.0
33024,DO-13435,171.0
19140,DK-13225,172.0
45231,NG-18430,173.0
10009,MV-18190,174.0
98198,JG-15115,175.0
61604,BP-11095,176.0
89115,VP-21730,177.0
2886,SS-20140,178.0
49201,HP-14815,179.0
77036,AG-10675,180.0
33180,LF-17185,181.0
28403,SP-20650,182.0
10024,RF-19840,183.0
94110,KH-16510,184.0
98105,KC-16675,185.0
92646,CJ-12010,186.0
90004,PB-19150,187.0
40475,VB-21745,188.0
90045,SP-20860,189.0
80027,JE-15745,190.0
1841,MP-17965,191.0
39212,NF-18385,192.0
48187,JM-15265,193.0
10801,SD-20485,194.0
78207,KH-16630,195.0
28052,RB-19795,196.0
1852,DB-13060,197.0
32216,MK-18160,198.0
60623,PO-19180,199.0
77070,BB-11545,200.0
10024,CV-12805,201.0
48227,PK-19075,202.0
47201,TB-21595,203.0
13021,RB-19360,204.0
44312,EB-13705,205.0
73071,KH-16630,206.0
94521,SC-20095,207.0
62521,NF-18385,208.0
98115,JH-15985,209.0
85023,TN-21040,210.0
60068,JS-15940,211.0
79109,DS-13180,212.0
60610,CC-12670,213.0
11757,MH-17785,214.0
94110,JP-15520,215.0
90008,KH-16690,216.0
12180,JE-15475,217.0
10024,JG-15805,218.0
92024,XP-21865,219.0
10024,EM-14065,220.0
90045,MT-18070,221.0
60610,SA-20830,222.0
77340,CW-11905,223.0
14609,AJ-10960,224.0
98115,SS-20590,225.0
38109,RO-19780,226.0
72701,MD-17350,227.0
92627,SC-20095,228.0
80134,MY-17380,229.0
10024,EB-13705,230.0
30318,CM-12385,231.0
64118,LS-17245,232.0
43055,LF-17185,233.0
90049,BN-11515,234.0
59405,AD-10180,235.0
77041,DB-13210,236.0
48234,MC-17605,237.0
90032,LH-17155,238.0
1841,BD-11605,239.0
33801,PH-18790,240.0
19134,MG-18145,241.0
90036,KB-16240,242.0
90032,JC-15340,243.0
36116,RL-19615,244.0
85204,AA-10375,245.0
60653,EP-13915,246.0
10009,MP-17470,247.0
42420,DK-12985,248.0
54302,BD-11500,249.0
85705,ES-14080,250.0
45503,LM-17065,251.0
76106,PG-18895,252.0
10035,AS-10135,253.0
60653,DK-13225,254.0
94110,BD-11320,255.0
32216,RC-19960,256.0
77070,GT-14710,257.0
92804,DK-13225,258.0
28403,AJ-10945,259.0
90045,OT-18730,260.0
94110,LP-17080,261.0
33614,CA-12775,262.0
98105,JF-15490,263.0
90008,FP-14320,264.0
98105,EB-13840,265.0
10024,JF-15415,266.0
98270,SF-20200,267.0
90805,TG-21640,268.0
60610,CS-11950,269.0
90004,CC-12145,270.0
80219,DV-13465,271.0
40475,BD-11725,272.0
97301,ZC-21910,273.0
78041,MS-17830,274.0
92024,LR-16915,275.0
19134,TP-21130,276.0
19120,CK-12205,277.0
33614,AS-10240,278.0
19134,AR-10510,279.0
75217,NB-18655,280.0
19143,GD-14590,281.0
43123,CK-12595,282.0
10011,NG-18355,283.0
60610,CA-12265,284.0
48126,SF-20965,285.0
10009,MO-17800,286.0
98115,AT-10735,287.0
94122,LC-17140,288.0
80013,FM-14380,289.0
33180,BD-11605,290.0
31088,DJ-13420,291.0
80013,ME-17725,292.0
94591,RB-19465,293.0
55407,JD-16150,294.0
92691,JL-15835,295.0
7060,TW-21025,296.0
47201,CC-12430,297.0
85635,BB-10990,298.0
98661,AR-10825,299.0
10024,SR-20740,300.0
10035,AR-10405,301.0
43229,CR-12730,302.0
60505,EH-14125,303.0
76017,CB-12025,304.0
10011,SP-20545,305.0
40214,RC-19825,306.0
75081,TH-21235,307.0
44105,RP-19390,308.0
60653,MO-17800,309.0
62301,TD-20995,310.0
47201,RB-19570,311.0
75701,CD-11980,312.0
10024,DJ-13630,313.0
27217,GT-14635,314.0
39212,MC-17845,315.0
10035,RA-19285,316.0
22980,NP-18325,317.0
90036,AB-10165,318.0
19013,JO-15550,319.0
44105,Dl-13600,320.0
98103,AS-10285,321.0
90805,JK-15370,322.0
27511,BN-11470,323.0
10035,DP-13165,324.0
10035,TH-21550,325.0
32137,AP-10915,326.0
10550,RS-19765,327.0
98105,Dl-13600,328.0
19901,SV-20365,329.0
43055,KC-16540,330.0
84057,CK-12325,331.0
90045,RD-19810,332.0
48205,MP-17965,333.0
19140,MR-17545,334.0
33012,SC-20695,335.0
78745,JF-15355,336.0
11572,EG-13900,337.0
98115,DS-13030,338.0
94110,GZ-14470,339.0
60540,PO-19195,340.0
75220,SS-20875,341.0
92105,MH-17785,342.0
60201,PB-19105,343.0
48183,RF-19735,344.0
94110,YC-21895,345.0
90036,MS-17830,346.0
32216,NB-18655,347.0
55016,DC-13285,348.0
10009,CP-12340,349.0
90004,AR-10510,350.0
30318,JC-16105,351.0
43229,LH-17020,352.0
71111,CS-12250,353.0
33710,AJ-10795,354.0
22204,LE-16810,355.0
50315,BV-11245,356.0
45231,DL-12865,357.0
94110,NZ-18565,358.0
43229,BM-11785,359.0
29203,EA-14035,360.0
93534,CL-12565,361.0
93534,LT-17110,362.0
23223,SA-20830,363.0
94110,ES-14020,364.0
55901,RH-19495,365.0
14609,DB-13120,366.0
92530,CD-11920,367.0
92105,HW-14935,368.0
71203,MC-18130,369.0
94122,GM-14440,370.0
80219,RA-19915,371.0
68104,AA-10375,372.0
98026,ZC-21910,373.0
92704,PJ-19015,374.0
53209,BW-11110,375.0
19140,DB-13210,376.0
19140,CA-12775,377.0
7109,TR-21325,378.0
94110,PG-18820,379.0
55044,GT-14710,380.0
41042,JE-15745,381.0
33614,JB-15400,382.0
75701,LH-17020,383.0
38401,JL-15175,384.0
76106,EB-13705,385.0
10035,BM-11650,386.0
90036,EM-14095,387.0
40214,AF-10885,388.0
44052,GA-14725,389.0
7036,CK-12760,390.0
93905,DP-13105,391.0
39212,VD-21670,392.0
10035,GT-14710,393.0
10035,BK-11260,394.0
8901,SJ-20125,395.0
94122,CM-12445,396.0
32216,AJ-10795,397.0
22153,AJ-10780,398.0
19140,LS-16945,399.0
17602,GP-14740,400.0
19143,PK-18910,401.0
3301,TB-21520,402.0
10009,SM-20005,403.0
28205,GA-14725,404.0
3301,CC-12430,405.0
19120,AG-10765,406.0
10024,HP-14815,407.0
22153,DK-13090,408.0
94109,GZ-14470,409.0
48227,PM-19135,410.0
14609,LL-16840,411.0
90045,JS-15595,412.0
92105,OT-18730,413.0
21044,EL-13735,414.0
94122,CK-12760,415.0
10801,JE-15475,416.0
48227,TH-21550,417.0
94122,PC-18745,418.0
77095,HL-15040,419.0
48227,MS-17365,420.0
13021,GB-14530,421.0
45503,JR-16210,422.0
75043,TD-20995,423.0
60653,DB-13060,424.0
90032,LC-17140,425.0
10009,PO-18865,426.0
49201,BE-11335,427.0
6360,SC-20050,428.0
53209,BM-11650,429.0
78207,KL-16555,430.0
75220,RW-19630,431.0
22304,RC-19825,432.0
10009,SE-20110,433.0
10011,AH-10075,434.0
19143,JM-15535,435.0
22153,JJ-15760,436.0
43615,AB-10165,437.0
19120,CG-12040,438.0
87401,RA-19885,439.0
92503,RP-19270,440.0
94110,KC-16255,441.0
90503,RW-19630,442.0
98105,JL-15850,443.0
85204,CA-12775,444.0
19120,RB-19795,445.0
19143,KH-16360,446.0
78664,GH-14665,447.0
39212,SW-20275,448.0
85023,JA-15970,449.0
92054,DL-12925,450.0
94110,LW-16990,451.0
72701,TB-21190,452.0
94110,CV-12805,453.0
33433,MS-17365,454.0
10011,BS-11800,455.0
19134,DL-13315,456.0
10011,PO-19195,457.0
97206,TD-20995,458.0
48205,BW-11110,459.0
28403,RW-19690,460.0
47201,KB-16600,461.0
10035,EB-13870,462.0
80027,TZ-21580,463.0
77506,AS-10630,464.0
77041,TS-21340,465.0
13021,JG-15805,466.0
32216,SL-20155,467.0
10024,TS-21610,468.0
95123,RF-19735,469.0
23464,MW-18235,470.0
42420,RD-19585,471.0
98661,FM-14290,472.0
10024,RH-19495,473.0
92563,RA-19945,474.0
28540,JK-15730,475.0
85254,MT-17815,476.0
52601,PO-18850,477.0
60653,AT-10735,478.0
92037,VG-21790,479.0
98502,PF-19165,480.0
98103,JS-15880,481.0
90036,MO-17800,482.0
10011,KM-16225,483.0
20016,GT-14710,484.0
19134,PB-19150,485.0
90045,HR-14770,486.0
45503,DE-13255,487.0
7601,LA-16780,488.0
45231,AG-10390,489.0
65109,EL-13735,490.0
90004,JJ-15445,491.0
27217,JH-15430,492.0
63376,RD-19660,493.0
10035,MO-17500,494.0
60610,NS-18640,495.0
61107,SN-20710,496.0
33142,ZC-21910,497.0
94109,LC-16885,498.0
19134,DG-13300,499.0
10009,NF-18595,500.0
92037,BP-11185,501.0
19143,MG-17650,502.0
77095,JD-16060,503.0
43615,TS-21160,504.0
78521,CM-12160,505.0
19143,RB-19795,506.0
90008,SN-20560,507.0
10035,FO-14305,508.0
85204,MS-17710,509.0
47201,CC-12100,510.0
98105,DW-13540,511.0
48227,BT-11395,512.0
10701,KD-16270,513.0
50315,LC-16870,514.0
94601,CY-12745,515.0
28110,LW-16990,516.0
92105,NP-18325,517.0
20735,BT-11485,518.0
28205,PS-19045,519.0
90049,NS-18640,520.0
94122,PV-18985,521.0
77041,RP-19390,522.0
92503,NM-18520,523.0
77041,EH-13945,524.0
92024,RA-19915,525.0
94110,DL-13495,526.0
30076,CS-12355,527.0
72401,HL-15040,528.0
47374,PA-19060,529.0
22153,BD-11605,530.0
94509,GG-14650,531.0
19134,JS-15940,532.0
33030,LR-16915,533.0
46350,FH-14275,534.0
90045,AP-10915,535.0
48911,NC-18340,536.0
44221,CB-12535,537.0
89502,KL-16555,538.0
22801,PS-19045,539.0
90004,GB-14530,540.0
92025,LT-16765,541.0
10035,AP-10720,542.0
49201,PM-18940,543.0
98115,KC-16540,544.0
10035,DL-13315,545.0
48073,SW-20275,546.0
90008,AA-10375,547.0
61701,LT-17110,548.0
10035,DP-13105,549.0
3301,AB-10060,550.0
90004,AT-10435,551.0
20852,JE-15745,552.0
77070,CA-12055,553.0
8701,DB-13060,554.0
28540,RB-19570,555.0
98103,HR-14830,556.0
90036,BT-11530,557.0
33065,NG-18355,558.0
77041,ZC-21910,559.0
80219,LS-16945,560.0
28205,LH-16750,561.0
10009,SW-20755,562.0
19134,SP-20620,563.0
90036,BF-11170,564.0
10024,BM-11140,565.0
90045,ZC-21910,566.0
14215,KT-16480,567.0
45231,BG-11695,568.0
33437,PG-18820,569.0
98105,GM-14680,570.0
10024,MO-17800,571.0
10009,PG-18820,572.0
39503,EJ-14155,573.0
93727,NP-18700,574.0
10009,DJ-13630,575.0
53209,IM-15070,576.0
19013,MH-18115,577.0
28205,RB-19795,578.0
32216,JR-15700,579.0
27834,SM-20950,580.0
11561,CS-12355,581.0
46350,CC-12220,582.0
94122,PF-19225,583.0
90045,JC-16105,584.0
80027,BG-11695,585.0
35630,DC-12850,586.0
60623,SP-20545,587.0
76106,MS-17710,588.0
77070,BD-11770,589.0
31204,KC-16255,590.0
52402,TR-21325,591.0
32216,SA-20830,592.0
78745,KW-16435,593.0
2908,GM-14500,594.0
10035,AD-10180,595.0
10009,TB-21355,596.0
94122,CC-12430,597.0
92105,PF-19165,598.0
81001,JH-16180,599.0
94533,EB-13975,600.0
55106,QJ-19255,601.0
94109,AA-10315,602.0
22153,LC-17140,603.0
22204,TC-21535,604.0
31907,CS-12460,605.0
77036,BM-11785,606.0
91104,RC-19825,607.0
1841,FM-14380,608.0
43229,PK-19075,609.0
90032,HG-14965,610.0
19120,HA-14920,611.0
32725,LW-16825,612.0
45231,MC-17575,613.0
42071,LP-17095,614.0
28403,EB-14170,615.0
1841,GZ-14545,616.0
60653,LE-16810,617.0
19120,AD-10180,618.0
6360,CP-12085,619.0
94110,FG-14260,620.0
94109,LD-17005,621.0
44052,AB-10255,622.0
75220,MN-17935,623.0
90049,HP-14815,624.0
6457,JR-15670,625.0
90008,JF-15190,
10011,CM-12115,
28540,AS-10045,
11520,KB-16315,
55044,BN-11515,
60201,BP-11290,
22204,AS-10045,
94109,LW-16990,
77036,DC-12850,
40214,ND-18370,
76106,LB-16735,
90049,KT-16465,
19120,HM-14860,
85705,AB-10600,
90660,SZ-20035,
80906,JR-15670,
20735,MG-17890,
94591,KM-16720,
84604,CA-12265,
84062,VD-21670,
60505,JK-16120,
30080,PP-18955,
27217,YS-21880,
60505,CK-12760,
10035,NC-18340,
24153,KM-16375,
43229,GM-14455,
19143,SD-20485,
10024,KD-16270,
85023,AB-10105,
75051,SZ-20035,
10035,JD-15895,
10024,HA-14905,
92627,BT-11305,
77041,SV-20815,
85204,RW-19540,
93905,DK-12835,
43229,LT-17110,
35630,IM-15070,
98105,FP-14320,
44134,ST-20530,
79109,JE-15745,
2908,BD-11320,
94110,MM-17920,
40475,PW-19030,
80013,SC-20440,
60623,KL-16645,
60653,SD-20485,
19134,TS-21160,
90008,JB-15400,
85023,TS-21085,
36608,MC-17425,
31907,ME-17320,
2740,SC-20440,
75061,NH-18610,
98103,LC-17140,
8360,MB-18085,
77506,LC-16930,
10009,KD-16495,
85301,MB-17305,
32216,TH-21550,
48234,DK-12835,
19120,ON-18715,
90004,KN-16390,
14304,NP-18685,
10024,CG-12040,
27360,CS-12505,
92683,KD-16345,
94122,MK-18160,
38301,DW-13540,
98115,CP-12340,
10035,MS-17770,
90008,CM-12655,
19143,Co-12640,
10024,DL-13495,
10035,TS-21370,
98661,JW-15220,
31907,RF-19840,
75019,JD-15790,
94122,NK-18490,
78745,NG-18430,
90045,AT-10435,
90004,PC-19000,
10024,AR-10540,
31907,CS-12505,
68104,LS-16975,
91767,NH-18610,
75220,RA-19915,
19120,AI-10855,
89031,MC-17845,
98105,TB-21400,
94110,VW-21775,
60610,PL-18925,
85705,GH-14425,
18103,CJ-12010,
19711,MC-18130,
33142,BV-11245,
85281,JF-15490,
10035,EB-13840,
92677,MP-18175,
8302,JM-15655,
2149,CL-11890,
43229,CK-12205,
92024,DB-13270,
13601,PC-18745,
78207,VB-21745,
10011,EP-13915,
77095,ME-17320,
92024,IG-15085,
54915,JS-15940,
40475,BO-11425,
98006,VW-21775,
11561,AB-10150,
19140,JW-16075,
98103,JE-15475,
98103,EB-13750,
94109,PK-18910,
98115,CS-12400,
10011,SG-20470,
19134,CM-12190,
29203,CL-12565,
98105,JO-15550,
75002,AW-10840,
30318,AH-10075,
90004,SC-20095,
79907,MC-18100,
60505,TT-21460,
35630,AP-10720,
10011,DL-12865,
10024,NP-18325,
23464,VG-21805,
76051,MY-18295,
98502,RD-19480,
90032,JF-15490,
61604,DP-13390,
43229,MD-17350,
10011,MY-17380,
75007,AB-10150,
19901,GB-14530,
37167,CA-12775,
19711,ME-17725,
90049,JO-15280,
90008,ML-17395,
94601,YS-21880,
19143,PL-18925,
55122,JK-16120,
10011,PN-18775,
98031,JC-15385,
90049,JG-15160,
10011,PO-19180,
70506,MC-17275,
44105,AS-10240,
44105,CL-12565,
97224,NW-18400,
20016,TB-21280,
60076,BS-11380,
98115,FH-14365,
19140,VM-21685,
19143,SF-20200,
94110,HH-15010,
98105,CD-12280,
53209,HL-15040,
90045,TH-21100,
98115,MM-18055,
19143,QJ-19255,
75217,NS-18505,
10011,MM-17920,
77095,RD-19480,
89031,RB-19645,
75023,RD-19585,
23434,SW-20455,
77041,SF-20965,
94110,EB-13930,
19134,SB-20290,
90008,PS-18760,
94110,CB-12535,
19143,DK-12835,
19140,AW-10840,
19143,TS-21610,
46203,HF-14995,
43229,HZ-14950,
75023,AB-10255,
7002,PO-19195,
90008,AG-10900,
98115,SC-20725,
10035,ND-18370,
92037,CD-12790,
85301,PG-18820,
19120,IM-15070,
94122,JK-15205,
77070,JP-15520,
60610,MM-18055,
94110,DC-13285,
10011,JL-15835,
10011,BN-11515,
60623,KD-16345,
19143,JK-15370,
43017,FM-14215,
22153,CA-12265,
28314,KD-16495,
75081,LH-17155,
28540,AG-10675,
94122,DB-13120,
92037,ED-13885,
19140,MC-18100,
14609,BM-11785,
28540,EM-14065,
77095,DA-13450,
78207,MO-17800,
94601,JW-15955,
94122,VW-21775,
76106,TT-21460,
77095,SL-20155,
77095,RM-19375,
19143,MB-18085,
92105,AG-10900,
23434,ML-17755,
27405,CC-12685,
75081,SC-20770,
60623,GG-14650,
21215,MY-18295,
90004,DP-13000,
10011,BD-11770,
2038,CB-12535,
53209,JE-15610,
53142,RP-19855,
10011,RA-19915,
53711,RP-19390,
77041,TB-21175,
66062,BE-11455,
10024,MR-17545,
95123,RM-19375,
75081,JF-15565,
19134,JA-15970,
90049,GK-14620,
74133,PB-19210,
60610,HK-14890,
22801,FO-14305,
43055,BT-11680,
90045,SP-20620,
98105,LL-16840,
90036,MC-17575,
60623,JL-15235,
60623,EA-14035,
97756,SA-20830,
27604,CH-12070,
31204,ND-18460,
44105,BS-11755,
74403,SL-20155,
28110,GB-14530,
78745,AS-10045,
6450,RM-19375,
30076,NH-18610,
28205,BF-10975,
42104,KH-16330,
78207,FA-14230,
98115,GW-14605,
20016,DA-13450,
90004,FH-14275,
46614,RK-19300,
90032,FM-14215,
77041,AC-10420,
6010,JB-15400,
10009,GM-14440,
78207,RF-19840,
80013,NC-18625,
43055,NG-18355,
89015,AH-10075,
19143,CH-12070,
98103,CC-12145,
94122,ME-18010,
99207,BP-11230,
43229,MP-17470,
11561,CJ-12010,
78207,JC-15775,
32216,CK-12760,
10011,LF-17185,
19143,CC-12430,
76248,DL-12865,
94122,PG-18895,
33012,EH-14005,
45014,TB-21520,
92646,DK-13225,
32127,JP-15520,
97504,CD-11980,
22901,AS-10090,
55407,AC-10450,
33178,RA-19945,
29501,Co-12640,
48205,DW-13480,
97477,DK-12835,
46203,MD-17860,
32712,RP-19855,
90008,RW-19540,
11572,DB-13660,
77041,FH-14275,
30076,EH-13990,
33437,AS-10630,
2038,HA-14905,
48227,CH-12070,
13601,EH-13765,
19601,MZ-17515,
76017,SC-20230,
92024,NP-18325,
90045,GM-14680,
80219,RH-19495,
98105,VM-21685,
85254,CC-12670,
70506,SV-20365,
94109,NP-18685,
80020,JE-15715,
62301,CP-12085,
75007,EA-14035,
10009,AC-10615,
65807,RW-19690,
7501,DB-13210,
74133,BD-11320,
60623,ML-17755,
60610,JD-16015,
36116,AS-10225,
97301,AA-10375,
85301,KT-16465,
31907,MM-18280,
73120,NG-18430,
94513,LW-16825,
43229,CB-12415,
65807,AS-10090,
19134,CB-12415,
97477,ML-17755,
77036,JS-16030,
23320,ND-18460,
91104,LW-17215,
40214,JW-15955,
79424,SC-20050,
65203,RW-19630,
60623,CM-12190,
37604,JF-15190,
77041,SC-20800,
36830,AM-10705,
92404,BK-11260,
2908,RH-19510,
93727,GM-14500,
98103,MC-17275,
93534,VM-21685,
1453,GP-14740,
76106,GB-14530,
55901,CT-11995,
59715,CW-11905,
85345,SN-20560,
92105,EB-13705,
44107,JW-15220,
77095,KB-16585,
8861,MC-17590,
19134,CK-12595,
47374,RD-19480,
48227,TP-21130,
90049,GG-14650,
91767,ZC-21910,
19134,CC-12610,
91761,KA-16525,
98105,TC-20980,
94513,DB-13270,
94122,TR-21325,
21215,BF-11080,
85023,MS-17365,
90008,CK-12595,
77036,ED-13885,
10009,IM-15070,
91730,MY-17380,
19805,MM-17260,
56560,MP-17470,
87401,AW-10840,
28403,SF-20065,
39212,SN-20710,
97206,RD-19900,
80219,KT-16480,
85705,AH-10120,
10009,BM-11650,
33437,BW-11200,
75150,HG-14965,
92374,SG-20080,
14609,RK-19300,
95207,SW-20245,
98105,RW-19630,
32174,TS-21085,
94086,JB-15400,
48911,EH-14005,
19143,EH-14005,
19143,BS-11665,
19134,JK-16120,
3820,RF-19345,
19134,WB-21850,
75051,TB-21625,
10009,CB-12415,
11561,GT-14635,
17403,TS-21160,
94521,WB-21850,
10035,DO-13435,
77840,AF-10870,
63116,RB-19435,
2169,AR-10540,
10009,DR-12880,
75081,BF-11170,
90032,LB-16735,
55407,DV-13465,
32725,NK-18490,
45231,LH-17155,
94601,DW-13480,
95336,KF-16285,
78041,HA-14920,
44240,JH-15820,
76903,LC-16930,
94122,IL-15100,
77070,LS-16975,
77041,CC-12610,
84106,PB-18805,
10009,CJ-12010,
93905,HK-14890,
35810,RH-19600,
47201,IL-15100,
90049,AS-10240,
98105,AP-10915,
37918,AG-10390,
36116,BF-11080,
72209,LT-17110,
98103,BT-11305,
37620,CG-12040,
60505,AW-10930,
10009,RB-19705,
6824,ML-17410,
48146,VB-21745,
10035,SW-20275,
95123,NS-18505,
32216,DB-13555,
94110,MH-17620,
43302,DK-13375,
19134,EA-14035,
80122,BT-11440,
78745,LA-16780,
10024,GM-14680,
94122,AA-10315,
46350,DB-13405,
60610,JH-15820,
97206,DJ-13630,
46203,CT-11995,
84604,RH-19510,
60610,SJ-20125,
90049,TG-21310,
19134,CT-11995,
91104,BF-11005,
90004,JM-16195,
92105,JK-16120,
94110,HG-14965,
4401,LA-16780,
94122,TS-21610,
92024,MZ-17335,
10035,MW-18220,
22204,MV-17485,
30318,AA-10375,
28110,SM-20320,
98115,TP-21415,
14609,DK-13225,
33180,MK-17905,
98105,CS-12130,
94122,JL-15850,
90036,AR-10405,
38671,LM-17065,
98115,JK-15625,
6457,FM-14215,
47362,SF-20200,
37130,PJ-18835,
24153,CS-12355,
43615,BB-10990,
90032,BW-11200,
98115,RS-19420,
31907,TS-21160,
10009,QJ-19255,
10011,VD-21670,
48640,JL-15505,
31907,DL-13495,
30076,MO-17800,
60623,BP-11185,
77041,MS-17980,
10009,SV-20935,
85345,BC-11125,
57103,EM-13825,
23223,BD-11500,
98115,HW-14935,
42420,KC-16255,
10035,BM-11575,
80525,KN-16705,
19140,JD-16150,
90004,LA-16780,
47905,RW-19690,
37042,KW-16570,
6824,CC-12220,
10009,RH-19495,
43229,JK-15625,
31088,DC-13285,
2038,GM-14455,
60623,CL-11890,
53209,PV-18985,
78207,LT-17110,
90032,AM-10360,
94122,SC-20260,
10024,CP-12340,
43229,RF-19840,
22980,AB-10060,
95823,EH-13990,
20735,MN-17935,
45014,KL-16555,
2886,MP-17965,
60505,BF-11020,
30080,TP-21130,
43229,MS-17770,
91360,KM-16375,
44052,BE-11455,
93727,CV-12295,
92105,DK-13375,
10009,SG-20605,
2148,CS-12355,
10035,PJ-18835,
94109,NP-18700,
29501,SB-20290,
77340,HM-14860,
90045,MG-18145,
94122,TM-21010,
94122,BE-11335,
19120,AS-10630,
90036,EM-13810,
90045,JA-15970,
53209,TB-21595,
1040,PP-18955,
87105,ML-18040,
89431,LC-16930,
92236,MC-17590,
60126,CR-12580,
45014,SV-20935,
76017,MZ-17515,
94110,RB-19795,
98103,HM-14860,
10009,AZ-10750,
77070,JH-15910,
22153,PJ-18835,
87401,CA-12265,
80027,PW-19240,
33614,SW-20455,
7055,AF-10870,
90004,AM-10705,
19143,BD-11320,
29406,CM-12385,
95123,CS-12400,
10011,DB-13405,
7060,JG-15160,
98115,SC-20380,
10009,CS-12460,
23602,MK-18160,
28314,CM-11935,
90032,PF-19225,
90036,GM-14695,
10011,DC-12850,
75220,FO-14305,
98105,AH-10210,
98105,KN-16705,
19711,CB-12535,
10024,TB-21250,
90049,KD-16345,
14701,JM-15865,
77095,KT-16480,
46544,SC-20575,
92037,BS-11800,
94109,BT-11395,
33178,DC-12850,
60076,LS-17200,
94110,RR-19315,
94122,KL-16645,
77070,RB-19435,
90045,MY-17380,
73120,AW-10930,
71203,KW-16570,
33614,DB-12910,
60623,BB-11545,
43402,NP-18700,
77095,PB-19105,
7090,DW-13585,
73120,CD-12790,
77041,TT-21220,
33311,DB-12910,
72209,DJ-13510,
19120,DL-13495,
92253,LO-17170,
44105,SV-20365,
94122,EM-13810,
85254,KD-16615,
19134,NB-18580,
2148,AP-10720,
95123,JE-15745,
85023,JM-15865,
42420,AB-10105,
29203,PN-18775,
32303,JC-15775,
10035,PF-19165,
77070,BW-11110,
33065,BP-11185,
84057,TM-21010,
37211,MB-17305,
10009,HR-14830,
42104,BD-11635,
98226,SF-20200,
10011,SP-20620,
43055,DR-12880,
60098,VM-21685,
75007,CM-12235,
47905,SM-20320,
31907,RA-19885,
22304,SD-20485,
76117,CS-12250,
10024,RA-19285,
90004,BF-11005,
60090,SE-20110,
29483,RS-19765,
47201,BM-11650,
10024,SK-19990,
10035,EN-13780,
32216,KN-16450,
92024,MG-17890,
76017,MC-17590,
90045,BO-11350,
90049,AG-10300,
94110,MS-17365,
88220,JM-15655,
63116,MC-17635,
10024,TA-21385,
45503,SB-20290,
98103,JF-15295,
28314,BF-10975,
90045,TT-21265,
10035,SB-20170,
71901,LM-17065,
60505,KA-16525,
27604,BF-11170,
74133,TB-21400,
92345,SH-19975,
84604,AS-10225,
94110,PK-19075,
85234,HR-14830,
10035,DG-13300,
65807,CL-12700,
38109,HF-14995,
79109,HG-15025,
90045,NL-18310,
1852,RR-19525,
28806,DB-13615,
81001,SV-20785,
49201,MH-18115,
90004,CT-11995,
27360,KB-16315,
61604,RA-19285,
90032,YC-21895,
60653,RA-19915,
19134,CM-12160,
80112,CS-12130,
98115,AJ-10795,
43130,BE-11410,
32216,SM-20320,
21215,RP-19390,
10009,JD-16015,
88220,AB-10255,
90049,CC-12145,
32216,GH-14425,
44107,CP-12085,
12180,GM-14440,
98105,BT-11305,
10024,CP-12085,
31907,SC-20680,
10024,DK-13375,
92627,SE-20110,
77095,LF-17185,
27511,ON-18715,
22304,TB-21400,
94591,DF-13135,
19120,EP-13915,
43615,SK-19990,
98105,FH-14350,
7060,EH-13945,
88001,JE-15715,
19711,KL-16645,
35244,EB-13750,
43055,BD-11725,
92037,MS-17530,
94122,SC-20770,
28540,FM-14380,
2038,KT-16480,
75034,AP-10720,
32303,RH-19555,
98115,CS-11950,
95687,TM-21010,
90008,HF-14995,
94122,GA-14515,
10035,ES-14020,
31907,JP-16135,
84107,Dp-13240,
94110,NK-18490,
19140,PL-18925,
19134,RW-19690,
75220,MO-17950,
53186,JJ-15445,
33311,BT-11680,
48205,RD-19585,
45503,ML-17755,
92037,JE-15745,
80906,ER-13855,
93309,JM-15535,
33068,SS-20140,
10035,TC-21295,
55044,HG-15025,
48234,LD-17005,
19134,AS-10285,
45373,MP-17965,
90036,CD-12790,
78415,MD-17860,
68104,BM-11650,
90278,KN-16450,
72209,IG-15085,
33180,JS-15595,
97301,GA-14725,
88001,DL-13330,
94122,CS-12505,
79907,CC-12145,
98115,MH-18025,
53209,MP-18175,
2038,DR-12940,
92024,DM-13015,
92804,BD-11620,
76017,DC-12850,
77041,MT-18070,
43130,MJ-17740,
97206,ND-18370,
35244,CA-11965,
90036,GA-14725,
32303,TC-21295,
10009,JB-15400,
23320,CK-12325,
28314,RL-19615,
77340,AC-10660,
19140,BH-11710,
60098,BG-11695,
2149,XP-21865,
60653,SN-20560,
30076,DM-13345,
32137,AJ-10780,
19120,KC-16255,
47201,VF-21715,
11572,SV-20935,
2038,EM-13810,
57103,RB-19360,
92037,DJ-13510,
28314,CC-12370,
30318,SC-20380,
32839,RH-19495,
94122,JK-15370,
43615,AF-10885,
33710,LC-16885,
85705,BF-11275,
90036,SC-20800,
92105,SW-20275,
10035,MC-17845,
92037,TD-20995,
7090,Dp-13240,
7050,SD-20485,
60098,TM-21010,
94110,BK-11260,
94122,JF-15490,
85281,EP-13915,
90008,EP-13915,
98105,KH-16630,
70601,HG-14845,
14609,JC-16105,
11561,KM-16720,
28205,EB-13975,
77036,PW-19240,
10035,PG-18895,
31907,DB-12910,
60610,CR-12730,
60035,KH-16330,
55122,DL-12925,
98103,ME-17725,
11550,CK-12205,
46060,DL-12925,
75220,SE-20110,
19140,LS-17200,
94109,MM-17920,
78745,DB-13270,
48234,RW-19630,
13601,JM-16195,
31907,BP-11155,
55124,CT-11995,
27217,TH-21550,
48601,ME-17320,
94109,TT-21220,
98105,GT-14710,
53209,JD-16150,
90049,MC-18100,
94122,LH-17020,
92024,MP-18175,
85301,EM-14140,
10035,GG-14650,
13601,MA-17995,
45503,SH-20395,
90032,KT-16465,
98115,PO-19180,
92054,AY-10555,
60076,Co-12640,
28314,JF-15565,
74133,AR-10510,
75002,AG-10675,
19143,DV-13045,
14609,HL-15040,
29464,ND-18370,
19134,GB-14575,
98115,CL-12565,
97477,RC-19960,
31907,JB-16045,
90032,MC-17635,
10024,TT-21265,
48227,MJ-17740,
85023,PB-19150,
19120,NW-18400,
48310,VP-21730,
14609,RD-19810,
10011,MG-17875,
54703,PA-19060,
10009,CR-12730,
91730,AA-10375,
42071,JG-15160,
43615,RR-19525,
80027,SR-20425,
10035,LS-16975,
78577,MH-18115,
84084,SC-20095,
78521,JB-16000,
10011,AC-10450,
19140,MO-17800,
59102,RB-19645,
23320,AI-10855,
97030,DR-12880,
48146,DM-12955,
97030,JH-16180,
19143,AB-10060,
71203,BD-11605,
91104,AS-10045,
90805,KF-16285,
55407,CC-12430,
98105,DB-13615,
31907,TC-21475,
83642,NZ-18565,
48227,SW-20350,
60623,TS-21370,
43055,DM-13345,
75081,RE-19450,
19711,JD-16150,
87105,BF-11215,
43615,ML-17755,
19711,YC-21895,
90045,LR-16915,
90032,BS-11755,
75217,KM-16375,
92037,BT-11530,
92307,KB-16405,
40214,DW-13480,
10024,JC-15340,
77070,TP-21415,
42420,DB-12910,
19711,BH-11710,
60440,TD-20995,
76106,CV-12805,
10024,CS-12355,
2908,JG-15310,
43229,JP-16135,
10024,EC-14050,
77070,KH-16630,
60505,FG-14260,
65807,AA-10480,
98105,MS-17770,
33801,JE-15610,
10011,BP-11155,
90049,CC-12100,
11572,JP-15460,
75081,LS-16975,
10035,JL-15850,
78207,CY-12745,
45231,RB-19360,
78745,AR-10825,
98105,CS-11845,
90004,AR-10825,
10035,RD-19810,
98103,KH-16510,
43055,NF-18385,
55369,SM-20950,
85301,GH-14410,
10009,EM-13810,
28540,DB-13210,
77070,PT-19090,
94109,HF-14995,
48911,KW-16435,
32303,KC-16675,
29203,PK-19075,
60623,KT-16465,
48227,EP-13915,
80525,AP-10915,
10024,SH-20395,
10011,SM-20950,
21044,BM-11650,
77041,TC-20980,
1852,KB-16585,
95695,JE-16165,
60610,DR-12940,
10035,RW-19630,
77489,ML-18040,
77036,JL-15130,
39212,CM-12655,
10009,FH-14365,
85281,EH-13945,
28540,TB-21280,
19134,AH-10030,
44312,TT-21070,
92037,RD-19900,
93727,LA-16780,
77581,SH-19975,
47374,SF-20200,
19134,TH-21235,
94403,VG-21790,
94601,NP-18325,
10024,FH-14275,
8701,JP-15460,
85281,ES-14080,
10035,KL-16645,
10009,BN-11515,
77095,ND-18370,
92503,JL-15130,
6824,RC-19825,
10024,CC-12475,
77095,DW-13195,
22204,CK-12760,
60623,EG-13900,
75051,SJ-20215,
98103,BP-11185,
98103,SJ-20125,
49505,MC-17590,
60610,MA-17560,
98105,CC-12220,
32216,RA-19885,
37064,DK-12835,
60035,LB-16795,
77506,CM-11815,
94109,TS-21205,
33180,RF-19345,
19120,JF-15565,
35601,EH-14185,
57103,VW-21775,
93277,KN-16450,
90049,SJ-20215,
90032,PS-19045,
66212,KM-16225,
22304,GM-14695,
27604,KT-16465,
10035,MH-17785,
45014,AF-10885,
74403,JP-16135,
92592,RD-19585,
48310,JF-15295,
92024,CK-12595,
75081,KH-16510,
10035,CM-12655,
85023,EB-13870,
94122,MW-18235,
19140,CS-11950,
78041,SP-20620,
10009,GT-14635,
39503,AH-10030,
92037,TH-21100,
11572,HG-15025,
78664,EB-13750,
92374,SC-20725,
38401,TS-21505,
10009,TH-21550,
77095,KD-16270,
60653,GM-14455,
94601,PR-18880,
2169,TB-21055,
92399,ON-18715,
60623,AH-10195,
98105,NM-18520,
10024,AR-10510,
92037,BM-11650,
6010,CA-12310,
60610,NF-18595,
60610,AF-10870,
10024,TC-21535,
2151,Dp-13240,
77036,MC-17425,
92691,LC-17050,
75217,BM-11650,
89115,NW-18400,
94122,BS-11755,
11550,SO-20335,
77095,PO-19180,
19120,TD-20995,
33614,SP-20620,
10035,MS-17365,
28205,Dp-13240,
75081,DB-13660,
98103,MG-17650,
77506,EH-14185,
19143,CL-11890,
46203,KF-16285,
40475,DH-13075,
60477,LA-16780,
77095,HZ-14950,
90004,CM-12190,
43229,LB-16795,
43229,JF-15490,
94122,GM-14695,
53711,SS-20590,
80013,TC-21475,
10024,CC-12430,
90004,CL-12565,
52001,DE-13255,
43130,SZ-20035,
90301,LF-17185,
98006,AB-10165,
60610,NM-18520,
75217,RA-19945,
94122,PO-19195,
10024,KA-16525,
10011,JD-16150,
19140,JO-15145,
19711,LE-16810,
10024,AH-10690,
36830,KN-16705,
90049,TB-21250,
94110,DP-13390,
27604,KN-16705,
31204,ST-20530,
37211,EB-13870,
37211,AH-10210,
19143,AS-10090,
75081,EM-13825,
8861,KA-16525,
32216,HJ-14875,
32216,ND-18370,
2151,EH-13765,
28540,MH-17455,
94122,CL-11890,
43229,SF-20965,
48127,EP-13915,
66212,RW-19630,
87505,SJ-20500,
94110,SP-20620,
36608,PJ-19015,
22153,CC-12610,
19711,MY-18295,
28601,DB-13210,
33311,MG-17875,
60188,RH-19600,
56301,KB-16240,
90036,CA-12055,
36608,JK-15730,
78745,RD-19930,
10009,JK-16120,
75023,SC-20020,
60653,HW-14935,
39212,SC-20800,
28314,HA-14920,
60505,MG-17875,
95823,DM-12955,
50315,DM-13345,
92105,ML-17395,
75081,GA-14515,
39212,SU-20665,
92024,BD-11320,
32839,DB-13405,
47905,RP-19855,
10035,EH-13765,
90049,JL-15835,
10024,FM-14380,
42420,SB-20290,
43229,SV-20365,
77840,MM-17920,
40475,RD-19810,
60653,ME-17320,
19120,FH-14275,
90036,PO-18865,
90008,CC-12550,
94122,TS-21505,
44312,MD-17350,
90049,GT-14755,
64055,RD-19660,
75220,DB-12910,
98105,JK-15640,
75150,FC-14335,
11561,JW-15955,
33161,DC-12850,
93309,FM-14290,
39212,MT-17815,
68025,DK-13090,
49201,KD-16495,
94122,AG-10300,
43130,MH-18115,
70506,AC-10450,
40475,FM-14290,
77070,RA-19285,
10024,JG-15160,
43615,NZ-18565,
19143,KM-16225,
19140,LC-17140,
80219,NP-18700,
19143,RB-19330,
21044,TH-21550,
10024,CK-12595,
43055,GB-14530,
75217,NC-18535,
19134,AB-10255,
78207,SC-20770,
19120,JC-15340,
90004,RA-19285,
37167,SH-19975,
31204,JC-15775,
94109,BC-11125,
98103,JH-15985,
43229,CC-12610,
90004,DB-12970,
45503,PP-18955,
90008,MC-17845,
90045,VF-21715,
38109,MC-17275,
48234,DB-13210,
46226,AJ-10945,
32216,CP-12340,
43017,DB-13555,
33317,EB-13750,
85301,JP-15460,
49201,SC-20050,
2169,FM-14290,
97301,TB-21250,
45373,EH-14125,
19143,ML-17410,
92105,MH-17620,
20735,BT-11680,
92503,JC-15340,
34952,DB-13210,
85204,DO-13435,
80219,FA-14230,
22153,QJ-19255,
98115,TC-21475,
85281,ON-18715,
10701,AD-10180,
14609,AC-10615,
43615,MF-17665,
35601,DH-13075,
75220,EN-13780,
75150,SS-20140,
90045,RS-19765,
98103,JW-15955,
98502,JK-15625,
68104,JO-15550,
31907,TP-21130,
47201,BS-11590,
39212,AB-10255,
77070,FO-14305,
85023,MF-17665,
60653,SA-20830,
80219,SH-19975,
19711,JL-15235,
20735,KH-16630,
10011,RM-19750,
19711,VM-21835,
49201,LH-17155,
10011,WB-21850,
29730,AP-10915,
31907,RA-19915,
90301,DR-12880,
79762,JG-15310,
43055,LC-16870,
90049,GB-14530,
53214,TS-21160,
60623,MH-18025,
77036,DM-12955,
77036,JJ-15760,
33012,KB-16585,
94122,CM-12160,
19140,FM-14215,
29203,RF-19735,
33180,JK-15370,
91911,JB-16045,
33180,PN-18775,
10035,LF-17185,
66502,RH-19510,
19120,MC-17575,
38109,MN-17935,
33311,EH-14125,
43229,TC-21535,
90045,JD-15895,
77041,IL-15100,
68104,SW-20350,
90004,DP-13390,
16602,BT-11395,
10024,JE-15475,
92037,EJ-13720,
33178,BE-11410,
27405,KL-16555,
28540,NC-18415,
33317,AH-10690,
53209,PK-19075,
62301,NG-18430,
32216,ZD-21925,
36608,NW-18400,
10024,HG-14845,
10011,CC-12685,
48234,RW-19540,
19901,LS-17230,
43229,MY-18295,
85301,JM-15655,
89031,KM-16720,
37620,KE-16420,
90049,TS-21370,
48187,SZ-20035,
72701,JE-15745,
2169,DH-13675,
61107,GT-14755,
94122,GH-14410,
78207,DM-13015,
80229,TC-21295,
60653,JK-16120,
10701,NC-18415,
92037,AJ-10960,
61821,LC-16885,
94122,GW-14605,
46226,SC-20305,
92105,JF-15355,
37604,DM-13015,
33614,EP-13915,
62521,JG-15805,
85234,PF-19120,
37918,DW-13195,
60653,CK-12595,
47401,CC-12670,
30076,SV-20785,
90036,SP-20860,
77036,MS-17770,
60440,TC-21475,
71854,SJ-20125,
78207,DS-13180,
78539,SC-20800,
43615,SH-20395,
77520,SF-20965,
19143,MG-17680,
90045,CS-12400,
19143,VT-21700,
77581,AB-10105,
10035,MM-18280,
85023,ML-17410,
23320,KD-16495,
60610,RF-19735,
60623,SC-20305,
98103,BN-11515,
78550,JS-15880,
19140,VG-21805,
93309,AW-10840,
75051,LS-17230,
46142,MH-17455,
10024,TS-21340,
14215,MG-17695,
90036,DO-13435,
33030,AF-10870,
77506,SN-20710,
11520,MO-17500,
80219,ON-18715,
2169,SC-20095,
48205,MS-17710,
94109,DN-13690,
37211,RB-19360,
48227,NH-18610,
90045,ED-13885,
19140,PW-19240,
28806,DM-13345,
10024,DW-13540,
80906,EH-14125,
78207,KE-16420,
90036,SP-20920,
48310,PS-19045,
10009,JM-15250,
23223,EB-13930,
98105,FG-14260,
10024,TH-21235,
98115,PL-18925,
90045,CC-12370,
90712,JM-15535,
7060,KF-16285,
38401,CS-12175,
2895,AR-10540,
17602,MS-17770,
33614,DB-13120,
53142,DK-12895,
34952,MP-17965,
98115,Dp-13240,
78207,CC-12220,
30076,KM-16660,
80027,MK-17905,
90036,SC-20725,
19143,CC-12475,
54880,BT-11305,
30318,FH-14350,
19013,AA-10645,
94110,JO-15145,
76021,SF-20965,
70506,CS-12355,
98042,SN-20710,
44052,JM-15655,
94110,AJ-10795,
94110,JF-15565,
77070,CS-11845,
60653,SP-20920,
10035,KE-16420,
10011,GA-14515,
19134,SM-20950,
60610,DK-12985,
94601,LC-16885,
60610,XP-21865,
19143,BD-11770,
28027,DL-13330,
28205,KH-16630,
75081,TP-21415,
46203,NP-18685,
74012,SC-20680,
33023,DK-12895,
68104,SM-20950,
28540,LS-17245,
97224,KE-16420,
62521,MC-17635,
85023,Dp-13240,
95823,LC-16930,
72401,LH-16900,
10035,TB-21175,
44312,JM-15865,
41042,KW-16435,
55407,SC-20095,
77095,ZC-21910,
68025,RB-19465,
92105,JK-15370,
77041,DD-13570,
10011,MC-17275,
48227,DL-13495,
77095,NC-18625,
90036,TS-21340,
19120,MM-17920,
98103,LP-17080,
13601,BG-11695,
32216,MG-18145,
22204,GZ-14470,
28205,JL-15835,
98103,DO-13435,
60623,AB-10600,
33021,KB-16315,
23320,TT-21070,
90036,PV-18985,
22304,DD-13570,
19120,RA-19285,
67212,SS-20590,
48640,JH-15820,
94110,EH-14125,
78745,RB-19330,
19134,CB-12025,
37620,MP-17965,
19140,SW-20245,
60610,SM-20950,
31907,AP-10915,
10035,AH-10465,
3820,EP-13915,
80013,TP-21565,
11561,AR-10825,
85204,HJ-14875,
93727,JK-15370,
29203,JF-15355,
92704,EK-13795,
29203,RS-19765,
90045,BD-11320,
94109,BF-11170,
77036,JK-15730,
10035,CR-12820,
2038,AG-10300,
21215,CM-12160,
78501,SG-20890,
52240,CS-12175,
19711,HL-15040,
77070,DM-13015,
83704,HK-14890,
92105,BG-11740,
90032,CK-12595,
10024,RF-19735,
19134,CJ-12010,
10024,MA-17560,
2920,AM-10705,
60623,AH-10585,
40475,PF-19120,
46544,RD-19480,
10550,JL-15505,
90004,AB-10600,
94110,NC-18535,
98103,TB-21400,
62301,SJ-20215,
60623,EB-13840,
50322,WB-21850,
98103,SR-20740,
47374,VG-21805,
75220,LS-16945,
19143,MA-17560,
61107,NF-18475,
19134,MD-17860,
98105,MZ-17335,
49505,KB-16600,
90004,MA-17995,
22153,ME-17320,
90036,JD-15895,
21215,LS-16975,
6824,SJ-20500,
10011,BS-11365,
33801,RA-19285,
61032,TS-21610,
97504,KB-16585,
98103,MM-18280,
10035,LO-17170,
6824,RS-19420,
56560,CC-12475,
31907,KT-16480,
19143,DM-13015,
77036,EP-13915,
98115,AM-10705,
38301,SH-20635,
21215,LA-16780,
84107,SF-20200,
98105,AG-10495,
75220,KN-16450,
98105,NF-18595,
8701,BS-11365,
10011,RM-19675,
46203,AB-10105,
77642,CA-11965,
37211,EH-14005,
77095,ON-18715,
19140,EB-13870,
97756,DW-13195,
95610,MB-17305,
90032,TH-21235,
32303,PO-18850,
44107,DE-13255,
75056,MO-17500,
98105,AH-10585,
90032,CS-12250,
90045,WB-21850,
11561,SP-20620,
90045,AB-10165,
94110,HA-14920,
23223,DC-13285,
87105,ST-20530,
44312,KB-16315,
7060,TB-21355,
10011,JC-15775,
33012,PO-18850,
98052,SS-20875,
32114,RD-19720,
86442,GZ-14470,
90049,SN-20710,
37064,DK-12895,
46368,VM-21835,
22204,GB-14575,
94110,ND-18370,
10801,MM-17260,
85204,MV-17485,
43130,JL-15130,
95207,AG-10330,
28806,MD-17860,
37042,RO-19780,
60505,RR-19315,
2886,CP-12340,
70506,LL-16840,
58103,NC-18340,
60623,HA-14920,
46226,MA-17995,
46514,LH-16900,
44240,SB-20290,
91776,BT-11305,
42420,PS-18970,
94110,TB-21625,
60035,RA-19915,
94122,BP-11095,
10035,CD-11920,
75081,KB-16585,
45503,SW-20245,
92024,AH-10690,
19120,JL-15835,
21044,GZ-14470,
80906,RC-19825,
10009,CL-12565,
19140,MW-18220,
47201,BF-10975,
90004,SN-20710,
10024,TB-21280,
1841,JB-15400,
94122,AH-10210,
48205,KL-16645,
45011,MH-17455,
43229,EC-14050,
60610,GH-14665,
33063,SC-20095,
30328,TB-21355,
87105,DW-13195,
74133,CL-12565,
7050,LT-17110,
42420,AP-10915,
60653,CB-12415,
77642,MT-17815,
48185,DK-13375,
47401,SR-20740,
94109,AA-10645,
94110,AS-10630,
95123,MC-17575,
80219,SE-20110,
80013,DS-13030,
83704,NS-18640,
10035,KA-16525,
19140,DJ-13510,
44060,MG-17680,
73505,BD-11620,
10024,CD-11920,
90049,XP-21865,
77036,CA-12055,
90032,JM-15250,
43229,JK-15730,
90032,CC-12670,
19140,GW-14605,
94110,GR-14560,
93309,FM-14215,
77095,MS-17980,
90045,BF-11170,
90036,VS-21820,
65807,KM-16225,
85023,LP-17095,
77070,BG-11740,
23666,BW-11200,
74133,PS-18970,
98105,RB-19570,
94109,JW-16075,
32216,ND-18460,
47374,LC-16930,
80027,BP-11095,
10024,RD-19720,
13440,BE-11335,
43302,RS-19765,
77041,KC-16540,
10009,MB-17305,
95336,TN-21040,
90004,MC-18130,
98115,VF-21715,
2908,ES-14080,
60653,MK-17905,
73120,TM-21490,
60610,RL-19615,
6040,NM-18520,
54601,EB-13930,
29501,SG-20470,
85301,ND-18370,
79907,CM-11815,
90049,HM-14860,
33023,SJ-20125,
28314,MC-17575,
77095,DB-13660,
67212,NM-18445,
90036,AB-10255,
49201,MG-17650,
83501,SE-20110,
23666,AG-10765,
10035,AS-10045,
39401,AR-10405,
19140,AP-10720,
19140,JB-16000,
90045,TS-21430,
94526,NL-18310,
20016,TC-21475,
53209,MG-17650,
21215,MG-17890,
28540,BF-11170,
14609,MS-17770,
92054,JE-15745,
39503,HG-14965,
32216,EP-13915,
77070,GH-14410,
77095,DS-13180,
2149,TH-21550,
90049,RM-19675,
19805,SF-20965,
38401,SO-20335,
10011,CK-12760,
48858,GA-14725,
94122,BD-11725,
94122,DS-13180,
94122,BS-11380,
23602,JF-15565,
80525,HA-14905,
98105,Co-12640,
10011,BC-11125,
23223,EB-13840,
10009,DB-13360,
98103,KB-16585,
94110,AH-10120,
8861,GH-14410,
94110,KT-16480,
61032,KH-16330,
19140,SV-20785,
32216,PO-18850,
33024,AC-10450,
98115,KB-16585,
76106,DB-13555,
19120,AG-10270,
84321,JF-15295,
13021,RE-19450,
27604,MV-18190,
19120,GB-14530,
47374,HL-15040,
17602,BP-11155,
85705,CT-11995,
48205,JL-15835,
78745,JK-16120,
77095,DH-13075,
6708,AG-10900,
90049,WB-21850,
19120,JO-15280,
77340,EJ-13720,
80027,LT-16765,
98115,CM-12655,
21215,EM-13960,
94109,DJ-13420,
90004,DE-13255,
60505,NR-18550,
98103,CK-12325,
30605,JF-15490,
32712,LB-16795,
10009,MP-18175,
94110,LH-16900,
75217,SV-20935,
92105,RB-19435,
10035,Dl-13600,
4240,PS-19045,
90805,GT-14755,
98115,CS-12355,
55901,JD-16060,
94110,TS-21160,
98103,BV-11245,
99207,DL-13495,
37064,EB-13870,
38301,ES-14020,
78745,JB-15925,
33024,SC-20380,
19143,EB-13870,
61832,TC-21475,
91911,NR-18550,
10009,DB-13270,
78207,NS-18640,
28540,CS-11860,
94109,CC-12430,
85323,AC-10450,
60610,CM-12385,
92025,EK-13795,
11561,CK-12760,
19711,PK-19075,
14215,MH-18025,
67212,GB-14575,
80906,IM-15070,
10011,MM-18055,
90036,MF-18250,
30062,CK-12595,
32216,MK-17905,
19140,MH-17455,
90008,NG-18430,
19134,PB-19210,
54703,RE-19450,
19134,EB-14110,
90004,TB-21625,
19134,MG-17695,
6360,LW-17125,
78207,PF-19120,
85364,NZ-18565,
90036,JE-15610,
40475,JO-15145,
10035,TT-21220,
54401,MS-17365,
94110,MP-18175,
43017,FH-14350,
42420,SC-20050,
43402,NM-18520,
38109,JO-15280,
8701,CC-12475,
90008,MZ-17515,
14609,MS-17830,
97301,GK-14620,
99301,MC-17275,
94601,LH-17155,
60302,SS-20140,
7960,GK-14620,
78745,GM-14455,
10011,SH-19975,
10024,SC-20725,
98103,TT-21070,
17602,SC-20440,
77095,KL-16645,
43229,KN-16390,
27707,SL-20155,
32503,PW-19240,
42420,TB-21175,
92804,AH-10210,
48227,SC-20695,
30062,RF-19345,
98103,EH-13765,
44134,AC-10660,
97030,SG-20470,
92804,CA-12310,
10035,SH-20395,
77070,MC-17605,
3301,JE-15610,
45014,MS-17530,
37604,BH-11710,
98105,ME-17725,
77573,MB-17305,
20877,BM-11575,
60653,SC-20575,
35810,MH-18115,
1841,AR-10345,
60623,MO-17500,
6824,AD-10180,
10009,KD-16345,
98103,FM-14215,
80013,ZC-21910,
84043,KS-16300,
35401,DP-13390,
94109,BD-11605,
19805,IL-15100,
47905,LP-17095,
90278,JH-15985,
98115,JD-16015,
10009,DL-13330,
48073,NC-18415,
94109,AS-10225,
10009,MS-17980,
89031,TS-21205,
75007,JK-15730,
90008,TC-21535,
98103,AB-10015,
33311,DP-13000,
38401,CY-12745,
2908,BE-11455,
32216,KL-16555,
92054,PS-19045,
32216,JR-16210,
10024,AH-10210,
60610,RW-19630,
92646,AH-10075,
92105,IM-15070,
37211,CK-12760,
10009,AG-10390,
80906,CL-12700,
94110,AW-10930,
60653,HG-14965,
38109,RB-19645,
10011,SZ-20035,
27604,KS-16300,
90045,SC-20050,
90004,AB-10060,
23602,EH-14125,
90032,CC-12475,
47374,SC-20695,
10035,Dp-13240,
19134,LR-17035,
85023,TS-21370,
44105,SW-20350,
43615,TH-21100,
90008,SS-20410,
10011,MZ-17515,
92037,JE-15475,
73120,RF-19735,
60653,CV-12295,
94109,VG-21790,
8360,BB-11545,
53209,HR-14770,
98115,SC-20260,
60540,EG-13900,
19805,TS-21370,
90036,AI-10855,
60610,DD-13570,
98198,AB-10060,
19140,KB-16240,
30318,JC-15775,
75217,AH-10465,
92553,NM-18520,
40324,TP-21130,
55407,DL-12925,
19805,CA-12265,
27217,SC-20380,
90008,TT-21460,
48183,MA-17560,
94109,JM-16195,
90049,MB-18085,
77070,SV-20365,
53209,CG-12040,
94122,BD-11500,
44105,JK-15640,
28110,JM-15580,
1852,SC-20230,
75081,ME-17320,
19120,KN-16390,
80538,HM-14860,
80538,JM-15580,
2895,KH-16690,
60610,BK-11260,
93309,PN-18775,
75217,AZ-10750,
19140,GM-14500,
32725,BM-11785,
31907,NH-18610,
37211,PN-18775,
19134,EH-13765,
60610,HA-14905,
75220,AB-10150,
88220,MS-17365,
19134,DD-13570,
10009,MT-17815,
11572,GM-14500,
70506,KB-16585,
10009,DM-13015,
92804,BP-11185,
32725,EP-13915,
10009,FG-14260,
98103,AB-10255,
92105,RD-19480,
73120,TS-21430,
10550,JA-15970,
94109,SW-20455,
10009,FP-14320,
90045,JL-15835,
85224,JL-15175,
11561,JG-15160,
94109,SH-19975,
59601,LS-17200,
10011,CS-11860,
63122,KW-16570,
60653,GH-14410,
85345,AG-10495,
98103,TS-21430,
48180,AJ-10945,
91104,SJ-20215,
48640,SC-20020,
48205,LA-16780,
81001,FC-14335,
76706,CA-12265,
94109,JH-15985,
10024,AJ-10795,
90036,BT-11395,
2895,DJ-13510,
31907,AG-10675,
32216,JD-15790,
19140,EH-14125,
47201,ZC-21910,
77506,XP-21865,
94122,DK-12985,
29203,CS-12250,
98031,AI-10855,
78664,AA-10315,
94601,RE-19450,
13021,TM-21010,
19711,YS-21880,
10024,AZ-10750,
92374,CM-12445,
48066,JB-16000,
10011,LC-16930,
48205,CA-12775,
48234,SR-20425,
65807,PP-18955,
90036,JM-15865,
10011,AS-10090,
94109,LS-16975,
93727,SA-20830,
71854,LS-17200,
94110,TM-21490,
46203,TT-21265,
21044,DN-13690,
95123,EB-14110,
98115,CM-11815,
75007,HM-14860,
22204,KM-16375,
90032,BF-11020,
60423,JE-15745,
98105,EJ-14155,
19143,BN-11470,
31907,EC-14050,
23464,TT-21220,
98198,NP-18685,
18018,AH-10195,
73120,CC-12145,
91730,DL-13315,
90032,XP-21865,
19120,MA-17560,
77036,SZ-20035,
98103,CS-11845,
10701,MH-18115,
94110,CB-12025,
90008,JO-15145,
33142,PA-19060,
72701,KL-16555,
79762,BC-11125,
23464,PO-18850,
53209,AG-10675,
55901,SP-20860,
80027,LH-17020,
94122,AD-10180,
77036,KT-16465,
33180,PJ-19015,
44256,MC-18100,
55113,BO-11350,
77041,DP-13000,
10701,TM-21490,
92037,DV-13045,
22153,AH-10690,
62521,AB-10165,
75043,JS-15940,
11572,BV-11245,
77095,NC-18415,
27834,SU-20665,
94110,DJ-13510,
27405,DL-12865,
37918,Dp-13240,
68801,TM-21010,
90712,TZ-21580,
1841,SC-20260,
90049,LS-17230,
77036,MV-18190,
10035,BD-11620,
10011,CV-12295,
19711,KB-16315,
98105,ME-18010,
85254,AJ-10780,
11572,DV-13465,
75220,JK-15325,
90045,SC-20725,
55125,CS-12250,
60068,LH-16900,
75217,YC-21895,
71203,CY-12745,
90004,AH-10030,
94109,AR-10540,
94122,SS-20590,
28314,DW-13585,
75217,NC-18625,
67212,CD-11920,
97477,DW-13195,
77041,EH-13990,
98103,BD-11320,
44312,KH-16630,
48237,NH-18610,
77041,AG-10495,
98103,RP-19855,
19134,NB-18655,
90045,JM-15580,
77070,DM-13525,
19143,CC-12220,
72756,GA-14725,
90045,CV-12805,
98105,NC-18535,
19805,GR-14560,
84604,JG-15805,
94110,EB-13750,
90004,MC-17605,
43130,BM-11650,
90004,HF-14995,
98103,ML-18265,
10024,AH-10195,
90045,TZ-21580,
94109,DM-13345,
88101,TS-21505,
67212,TB-21625,
60653,LC-16870,
68104,AM-10360,
77041,JE-15715,
19134,CS-11950,
90045,PF-19225,
40475,PJ-18835,
6708,JF-15490,
90045,NM-18520,
90036,MH-17290,
94122,SZ-20035,
33710,PR-18880,
44107,FC-14245,
85224,LH-16750,
90008,RM-19675,
32137,DM-13525,
10035,EH-14185,
33458,TC-21295,
85301,AI-10855,
10035,JM-15535,
77041,BE-11335,
10035,DR-12880,
66062,TA-21385,
89431,KN-16705,
61107,PJ-18835,
19143,MC-17605,
98026,BS-11755,
94122,PK-19075,
28806,TS-21205,
90032,BD-11725,
85254,TS-21340,
77095,ST-20530,
94109,DB-13210,
92105,KF-16285,
45011,JM-16195,
80134,TS-21505,
68025,YC-21895,
55369,Dp-13240,
19711,SJ-20500,
33180,KB-16240,
92105,CS-12250,
33142,EB-13870,
33178,PB-19150,
78207,MT-18070,
32216,BF-11020,
77070,CG-12520,
94122,DH-13675,
19140,SC-20440,
43302,HG-15025,
10024,MM-18055,
19140,TH-21115,
90036,JE-15745,
30080,PG-18820,
94122,MB-17305,
60653,JD-16015,
97504,JH-15430,
10009,EN-13780,
35810,KC-16255,
19134,MS-17980,
95051,CK-12205,
90805,SJ-20125,
90008,EA-14035,
93101,MG-17890,
10009,AB-10255,
32216,SC-20260,
75104,TB-21355,
72209,CK-12595,
68701,SS-20590,
3301,MG-17890,
84020,JM-16195,
94109,SG-20470,
77036,DB-12970,
36116,JW-15220,
39212,KD-16495,
89031,IL-15100,
30318,JE-15610,
60610,SU-20665,
43229,EA-14035,
91104,RF-19840,
90004,LC-17050,
20735,PS-18970,
10024,PS-18970,
92037,JO-15280,
10011,VP-21730,
93534,GA-14725,
59405,EM-14140,
94110,DB-13615,
8701,ML-17395,
44105,JH-15430,
1841,BP-11095,
3301,SB-20185,
21215,SV-20785,
43229,DO-13435,
77041,TB-21355,
10011,BS-11380,
27405,FM-14215,
10024,JL-15835,
94109,AF-10870,
71203,BG-11035,
45231,MB-17305,
98105,HW-14935,
10011,AB-10105,
10035,JP-15460,
38109,DV-13045,
92105,CM-12190,
54601,SC-20695,
90032,VW-21775,
98115,PP-18955,
33180,DR-12880,
19143,RB-19465,
23320,NF-18385,
10009,CR-12580,
48104,SU-20665,
91941,SC-20050,
48126,ML-18040,
92024,GM-14440,
44107,JK-15640,
6450,AT-10435,
30076,AH-10690,
98105,SJ-20125,
7960,HM-14860,
84106,JB-16000,
92307,AJ-10795,
10009,MM-18280,
90805,TH-21235,
97301,AH-10120,
80013,CL-12700,
43055,JG-15310,
98103,SE-20110,
83201,TG-21640,
75081,SH-19975,
98105,MC-17275,
98115,PJ-18835,
60610,ZC-21910,
49423,SC-20680,
74012,BP-11230,
30605,RD-19585,
98105,KL-16645,
32712,CK-12205,
77070,RB-19705,
21215,KM-16225,
94109,AH-10465,
60623,AG-10765,
78041,EB-14170,
44105,CA-12055,
43302,SS-20875,
6824,RP-19390,
10009,SC-20440,
10024,NW-18400,
60653,KW-16435,
10035,HR-14770,
23223,AG-10900,
48104,BM-11650,
47905,RD-19720,
97477,KB-16585,
94109,DW-13585,
60653,VG-21805,
10011,DR-12880,
77095,AH-10690,
53711,JP-15520,
6460,DR-12880,
10024,JK-15625,
90049,MV-17485,
94109,BP-11155,
94533,DH-13075,
27834,LH-16900,
11561,DK-13090,
60089,SS-20410,
92037,FP-14320,
40475,LC-17050,
22153,AS-10240,
76106,HG-15025,
33012,BH-11710,
90032,JP-16135,
92630,JM-16195,
11561,FH-14365,
98103,MC-17575,
96003,EB-13870,
78207,PM-19135,
77070,AR-10345,
1453,SS-20875,
90032,SC-20440,
65807,EA-14035,
76706,TP-21130,
90036,BP-11290,
13021,LM-17065,
94109,KT-16465,
90008,AP-10915,
90049,JD-15790,
95928,XP-21865,
97477,JK-16090,
32216,MG-18205,
93309,PG-18820,
10011,LD-17005,
79907,MN-17935,
91360,RD-19900,
45503,JP-16135,
75220,KE-16420,
37918,DL-13315,
37421,KB-16240,
92037,JD-16150,
33614,AC-10450,
13501,LS-17245,
94122,CS-12175,
43229,AR-10510,
10035,KB-16405,
47374,MM-17920,
92105,RF-19735,
28027,BP-11290,
33178,MJ-17740,
90036,DO-13645,
98115,MV-17485,
22204,MG-17875,
92105,BS-11665,
55113,PO-19180,
23464,DA-13450,
75220,AH-10690,
94521,JK-15730,
72032,MS-17530,
19120,JK-15640,
72209,CM-12235,
6450,RS-19420,
19143,BP-11185,
82001,MA-17995,
92804,EB-13705,
47401,RD-19900,
72401,EH-14005,
19140,FM-14290,
1841,FG-14260,
10011,MV-17485,
92105,JW-15220,
94109,EH-13765,
94110,LS-17245,
2920,BP-11050,
42301,CC-12220,
21215,JM-15580,
60610,RD-19720,
30318,SS-20410,
90036,KD-16495,
90049,PL-18925,
47374,ZD-21925,
94110,LS-16945,
94122,PB-18805,
7090,PC-18745,
94122,FM-14290,
95123,KD-16495,
98115,SC-20680,
42301,DW-13585,
10035,PF-19120,
10011,DK-13225,
22153,RB-19435,
98226,GD-14590,
35601,RA-19885,
72701,DB-13555,
19120,RL-19615,
98103,RB-19465,
75023,JF-15295,
90049,RW-19690,
90032,VG-21790,
90036,JM-15265,
50315,BE-11455,
38671,CB-12535,
77041,SD-20485,
10009,SG-20890,
19601,TS-21430,
94109,DK-13225,
90045,ML-17395,
90004,MA-17560,
94109,LR-17035,
10009,BE-11335,
92105,CC-12145,
10024,BD-11770,
10011,JK-15640,
28205,DB-13615,
66212,RR-19525,
85204,SV-20935,
74133,RB-19465,
10035,MV-18190,
19143,EH-14185,
39401,JS-16030,
90049,ES-14020,
43229,NS-18640,
83605,SH-19975,
85023,RF-19345,
33142,DL-12865,
90004,AG-10390,
12180,SW-20245,
2740,KN-16390,
29501,GB-14530,
90049,CL-12565,
90008,KF-16285,
90049,AY-10555,
43229,BD-11635,
70065,HG-15025,
75104,CB-12025,
2908,LS-16945,
43130,DM-13015,
98115,AC-10615,
28540,LT-17110,
33142,AH-10585,
3060,SS-20140,
10011,TD-20995,
90036,PP-18955,
75007,PG-18820,
40324,AA-10645,
90008,FA-14230,
85635,TB-21520,
37918,AH-10075,
85705,CP-12085,
55407,BF-11215,
33142,CP-12340,
77036,LS-17245,
53209,TS-21655,
43130,JS-15940,
78539,NF-18385,
10009,KN-16705,
19120,GA-14725,
14609,EH-14125,
92037,RA-19285,
19120,TT-21070,
38134,AH-10465,
90712,CC-12430,
19120,KD-16495,
78745,BG-11035,
90008,FH-14365,
10011,PG-18820,
77070,NZ-18565,
79424,TB-21595,
77095,JE-15475,
92627,EH-13945,
30076,BF-10975,
80538,PC-18745,
10035,SV-20365,
19143,Dp-13240,
33178,HR-14830,
75051,WB-21850,
60653,AS-10090,
44134,SP-20920,
94061,SP-20650,
10011,CM-12655,
97477,JR-16210,
60610,CB-12415,
76021,SD-20485,
90036,SS-20140,
10009,EH-13990,
94109,AH-10030,
23464,EM-14200,
10011,TB-21190,
37087,AB-10165,
90045,AO-10810,
91911,TT-21220,
78501,KN-16705,
33021,FO-14305,
94110,GA-14725,
93454,NC-18415,
6040,JF-15190,
68104,GT-14710,
95123,KM-16660,
94122,PJ-18835,
94109,AC-10660,
90805,JG-15310,
31907,RM-19375,
94110,EK-13795,
90004,RD-19585,
19120,CV-12805,
74133,AG-10330,
90049,GM-14440,
33801,MC-17605,
22153,MM-17920,
10035,MH-17440,
65807,NZ-18565,
29203,GB-14575,
97206,DB-13270,
19120,JK-15625,
60016,AM-10705,
98103,MW-18220,
77095,AG-10330,
19143,CM-12160,
47201,RA-19915,
60201,SB-20185,
92307,PK-19075,
43229,SV-20935,
43302,MG-17650,
77095,CM-12445,
43302,ME-18010,
98103,YS-21880,
98632,MB-17305,
90278,AS-10240,
10035,MC-17425,
40214,PG-18820,
48183,JS-16030,
90045,JB-16000,
37075,DK-12985,
97206,JF-15490,
75061,PO-18850,
44105,BT-11530,
50701,NW-18400,
98105,JF-15415,
19120,AC-10420,
10009,TB-21280,
95123,HA-14905,
90008,LH-17155,
3301,LO-17170,
38401,DP-13390,
98006,CR-12580,
98105,KB-16405,
47201,ML-17410,
60623,MC-17575,
30062,VM-21685,
36116,VW-21775,
75023,GK-14620,
33319,AT-10435,
43229,AR-10825,
10009,JH-15820,
47374,RA-19285,
98115,RO-19780,
11561,LR-17035,
61107,MK-17905,
31907,YS-21880,
37211,AT-10735,
2138,RM-19675,
94601,BB-11545,
60067,AS-10285,
98105,DK-13375,
45231,JH-15910,
43302,JK-15205,
90049,EH-13765,
44107,VW-21775,
37087,CG-12040,
94122,EB-13705,
95928,NF-18595,
24153,ME-17725,
90008,AZ-10750,
10024,RF-19345,
1915,AJ-10780,
92024,SF-20965,
94109,MZ-17335,
60623,SB-20170,
75220,AH-10210,
78415,NK-18490,
10035,AI-10855,
97405,TP-21565,
93030,LW-17125,
6824,NG-18355,
49201,NG-18355,
92677,EB-13750,
32216,SP-20860,
10550,SP-20545,
48640,RB-19795,
19711,DB-13660,
94109,NB-18655,
48185,XP-21865,
10011,MH-17455,
90008,BG-11740,
43130,DB-13660,
19711,EM-14140,
10024,RB-19465,
94109,PO-18850,
75217,AG-10900,
33178,BF-11275,
19120,HG-14845,
10011,BS-11590,
19120,JD-16015,
98103,CS-12250,
90032,FC-14245,
97477,SE-20110,
98059,CK-12205,
10009,DS-13030,
95123,SA-20830,
75051,TP-21565,
10009,CC-12430,
38109,LA-16780,
19143,AW-10930,
90004,BP-11230,
6708,DB-13360,
85224,PC-19000,
45503,TB-21595,
78745,TB-21250,
48234,MV-18190,
22153,DK-12835,
10011,PK-19075,
75217,AH-10120,
3301,GM-14455,
70506,BD-11725,
27604,RM-19375,
99207,BW-11110,
77041,GT-14710,
40214,AH-10120,
33021,DR-12940,
85224,DL-13495,
19120,BD-11620,
74133,HW-14935,
84020,JO-15145,
94601,RD-19660,
1841,DO-13645,
19120,CC-12370,
28540,SH-20395,
60610,FC-14335,
83201,JG-15160,
75023,LC-16885,
10024,CC-12220,
10024,BW-11110,
60623,JJ-15445,
77095,TT-21460,
6450,EH-13990,
60025,PR-18880,
77036,BT-11680,
94110,EC-14050,
10009,SP-20650,
21215,AJ-10780,
40214,AS-10630,
37087,AA-10375,
90008,EH-13945,
2908,DB-13270,
48234,CC-12100,
77070,VT-21700,
38401,DB-13060,
19140,BS-11590,
33024,NR-18550,
10011,KN-16390,
28540,JW-16075,
10011,JM-15535,
19120,MF-18250,
32839,FA-14230,
77095,KH-16510,
40214,SS-20515,
44256,LC-17050,
10011,VW-21775,
60653,LD-16855,
19143,SP-20545,
10009,DK-13150,
94109,FC-14245,
94122,RD-19480,
49201,AR-10540,
19120,CC-12100,
2886,CA-11965,
10024,BT-11530,
79907,MG-17875,
55901,TP-21130,
14215,GT-14710,
37918,FH-14365,
19711,HK-14890,
98103,CC-12220,
44105,DP-13000,
60126,VF-21715,
55044,GH-14410,
10035,JH-16180,
90036,RB-19465,
60653,LS-16975,
14215,EB-13750,
95661,DK-12835,
76017,SC-20260,
1841,CT-11995,
76706,CB-12025,
77095,KM-16720,
98105,RD-19720,
7060,BP-11050,
90008,EJ-13720,
22204,RO-19780,
98105,MS-17530,
98026,DW-13585,
24153,AM-10705,
33445,BG-11740,
94110,KB-16585,
10024,GT-14710,
46203,SV-20815,
43229,GG-14650,
32216,SV-20785,
20735,ON-18715,
80022,RA-19945,
92704,SV-20785,
20735,KB-16585,
90049,AG-10495,
40214,JK-16090,
90045,MV-18190,
65807,CP-12085,
94109,VP-21760,
77590,PM-18940,
10024,TB-21400,
98006,EH-13990,
10024,GW-14605,
27893,NP-18685,
98115,JE-15715,
65807,BE-11455,
94109,SS-20590,
28205,MB-18085,
10011,RP-19390,
44052,AJ-10780,
46203,PO-18865,
97756,WB-21850,
97477,MP-18175,
76017,BF-11020,
85234,KM-16375,
1841,DB-13405,
23464,OT-18730,
75061,JS-15880,
8360,CA-12775,
31907,MH-18115,
90032,RB-19645,
92024,SB-20290,
22901,TW-21025,
46226,DL-13330,
85023,SD-20485,
6450,TB-21055,
53132,DP-13390,
90008,DE-13255,
61701,MC-18100,
90032,HG-15025,
94109,CM-11815,
77095,RP-19855,
53209,LS-17200,
70601,DR-12940,
21215,CC-12475,
53132,SS-20515,
10024,JF-15190,
92024,SW-20455,
27893,SG-20470,
90805,CS-12355,
33311,SC-20695,
21215,BF-11170,
87124,GZ-14470,
95207,SP-20650,
43229,PJ-19015,
60076,DB-13060,
71901,CK-12325,
27534,SF-20065,
90032,DP-13105,
3060,VM-21835,
98103,SF-20200,
33180,MF-17665,
37167,BV-11245,
80013,KE-16420,
33142,EM-14200,
94122,BT-11680,
60623,MM-18055,
3820,SP-20860,
43017,CS-12355,
10009,KB-16600,
10035,AA-10375,
7501,BP-11155,
8701,TC-21145,
27405,BG-11035,
10035,DB-12970,
60623,RL-19615,
60653,SJ-20215,
8701,CS-12175,
85023,NC-18535,
90004,CW-11905,
10024,CM-12115,
78207,PT-19090,
10009,CL-12700,
21215,HF-14995,
19143,JC-15775,
30318,JH-15910,
27707,CC-12610,
95661,IM-15055,
95823,BF-11170,
6824,CS-12355,
60610,MC-17605,
77041,MC-18100,
85023,LW-16825,
91767,KH-16510,
30318,RB-19645,
98208,GD-14590,
77095,EB-13705,
19140,PS-18760,
98105,GH-14425,
61604,LO-17170,
90036,CS-12505,
36116,YS-21880,
47905,TC-20980,
10009,PW-19030,
10024,CS-11860,
60610,DP-13165,
90640,BM-11575,
91360,DL-13495,
8360,BF-10975,
90503,FC-14335,
45373,MP-18175,
22153,AJ-10795,
92020,BC-11125,
90036,RS-19420,
85023,NP-18670,
60423,BT-11440,
90045,BP-11230,
53132,JO-15145,
72209,MF-18250,
78207,MY-17380,
90004,SC-20230,
60610,RF-19345,
98105,SG-20080,
77705,TB-21520,
23320,MM-17920,
75217,CG-12520,
98105,TW-21025,
55407,BD-11320,
45503,HA-14905,
90032,LL-16840,
31907,SS-20140,
44107,CK-12205,
60540,VS-21820,
10009,TN-21040,
92646,HR-14830,
60653,JS-15595,
94513,BN-11470,
48183,AR-10405,
98103,SW-20455,
29406,JE-16165,
43229,LH-16900,
98103,VG-21790,
94109,EM-13960,
90049,EM-13825,
33407,JH-15910,
60623,NP-18700,
95823,SH-20635,
98115,BM-11785,
19143,HG-14965,
93101,BM-11140,
10011,PS-19045,
36830,MS-17710,
10035,JL-15235,
90032,KM-16660,
94109,RD-19900,
19140,ST-20530,
79907,BP-11095,
60653,TA-21385,
79907,PS-18760,
98105,NP-18700,
10009,SC-20260,
90032,RD-19930,
19711,TH-21115,
10011,GM-14680,
95661,JO-15550,
60505,ZC-21910,
10011,AP-10720,
75217,GK-14620,
90008,HM-14980,
90004,LS-16945,
31907,AR-10570,
94110,RH-19510,
92503,TB-21190,
29203,JD-15895,
10011,MP-17965,
98632,JB-16000,
77095,CC-12145,
85234,CY-12745,
72401,EP-13915,
30318,DL-13315,
90036,SO-20335,
10024,BP-11095,
48227,JA-15970,
33311,BB-11545,
79605,DK-13375,
23666,RH-19600,
89115,AG-10300,
61107,JB-15400,
40214,KC-16675,
61761,DR-12940,
90045,DW-13195,
77642,ME-18010,
10009,JF-15490,
60623,SP-20860,
45503,KN-16390,
93905,DB-12910,
40475,FM-14215,
10035,SM-20005,
80219,AP-10915,
10024,SP-20545,
10011,RD-19585,
68025,MC-17575,
10011,EB-13750,
92105,JE-15610,
33801,CS-11860,
30080,PB-19105,
10009,AT-10735,
19134,SV-20365,
75217,PJ-18835,
94521,NM-18445,
37211,TR-21325,
80013,BF-11005,
92804,WB-21850,
84062,KH-16630,
97477,KL-16645,
97301,MG-17890,
14609,JF-15355,
90008,RS-19765,
90049,NL-18310,
75081,AS-10285,
60653,SU-20665,
78501,CK-12205,
98105,JM-15580,
28205,JE-15715,
94521,AR-10825,
19013,AH-10075,
90004,GA-14515,
89431,JF-15415,
90032,KH-16690,
42420,CC-12685,
62521,JF-15565,
10009,RP-19390,
10011,CD-11980,
10009,DF-13135,
85254,SM-20005,
79109,SG-20890,
19140,LH-16750,
92704,EJ-14155,
43055,KH-16330,
10035,KM-16720,
89015,LW-16990,
98103,IG-15085,
10009,JP-15460,
98103,GG-14650,
37167,MM-18280,
98105,SO-20335,
10035,MF-18250,
30318,JG-15160,
19711,JM-16195,
37211,PK-19075,
47374,TT-21460,
33180,SS-20875,
63301,TG-21640,
23464,HP-14815,
19140,MH-17290,
11561,CB-12415,
77070,VD-21670,
35401,SR-20425,
85204,AG-10330,
28540,BP-11095,
60610,JW-16075,
31907,LH-16900,
7050,KT-16480,
90032,CC-12220,
60623,BF-11170,
23223,MS-17770,
12180,AH-10030,
2908,CK-12595,
94122,NP-18325,
94109,SG-20605,
77070,HK-14890,
19140,MY-18295,
21215,RC-19960,
30605,JO-15145,
43130,MW-18220,
90032,NZ-18565,
21215,JM-15250,
77095,ED-13885,
92024,DW-13480,
33012,JK-15205,
30318,JS-15880,
10035,PO-19180,
33311,HF-14995,
14609,VB-21745,
60174,MG-17890,
10024,BO-11425,
94109,CM-12115,
85023,LC-16930,
98115,EH-13765,
93010,MC-17275,
48205,HW-14935,
94109,LC-16870,
10035,TG-21310,
60623,MC-18100,
94122,RB-19360,
19134,ES-14080,
94122,RD-19720,
6824,SC-20380,
10011,GB-14575,
90049,FP-14320,
19143,EA-14035,
95123,SC-20305,
91104,JF-15355,
19134,TP-21415,
90049,RL-19615,
90032,SB-20170,
43229,JS-15595,
90008,BP-11155,
33021,EM-13825,
48066,SC-20695,
54880,EM-14140,
91360,GZ-14545,
19134,ML-17395,
22153,PG-18895,
77095,DK-12835,
38401,SJ-20215,
28027,AG-10675,
27405,EB-13975,
59601,AW-10930,
33311,JK-16120,
94110,TC-21535,
21044,PW-19240,
60653,JK-15730,
44105,LC-17140,
73120,BS-11365,
77095,AG-10525,
94122,SC-20725,
37211,LR-16915,
90036,CB-12415,
98006,RD-19900,
77036,NC-18340,
19143,NB-18655,
60016,JK-15730,
33437,DO-13645,
75023,MG-18145,
95123,LH-17155,
10024,MM-18280,
33178,SC-20575,
60068,TN-21040,
10024,ZC-21910,
10011,NB-18655,
97123,KH-16330,
10009,MN-17935,
60623,MY-18295,
10024,CS-11950,
99301,MC-17845,
91505,SC-20050,
60623,SP-20650,
33614,PR-18880,
10035,SM-20950,
10009,KC-16255,
30318,SG-20470,
10009,TB-21520,
32216,DV-13045,
77095,SC-20020,
53209,JB-15400,
95351,GH-14425,
44107,MG-17650,
19134,RD-19660,
94109,SN-20560,
48205,AH-10690,
85023,MZ-17335,
19143,AR-10345,
90036,JF-15295,
19140,DS-13180,
27604,TG-21310,
67846,BT-11395,
90805,JF-15190,
92037,MK-17905,
61701,GG-14650,
98115,MC-18130,
28314,ML-18265,
68104,AG-10270,
37421,TT-21070,
45014,LT-16765,
90049,DD-13570,
10024,DB-12970,
45014,DM-12955,
60610,ME-17725,
98103,TR-21325,
10011,SH-20395,
93010,CB-12535,
60653,ML-17410,
90032,JG-15310,
43615,JS-15880,
10011,AG-10270,
97224,MG-17890,
19134,SC-20770,
19143,BS-11755,
77070,LC-17140,
39212,MH-17440,
85023,RD-19720,
93030,BP-11095,
98105,BF-11020,
98042,CP-12085,
90049,JL-15235,
92105,JG-15805,
78521,VP-21760,
60610,RD-19810,
37918,MH-18025,
77036,SJ-20125,
60440,FM-14380,
60623,KH-16360,
22980,LL-16840,
90004,AR-10540,
98105,NP-18670,
93277,LP-17095,
90008,AH-10690,
90045,TB-21190,
10011,AA-10315,
19143,AC-10615,
84043,EM-14140,
60653,QJ-19255,
42420,ME-17320,
92646,LB-16795,
19140,EB-13705,
58103,CS-12400,
3820,PM-19135,
92105,AA-10645,
90032,FA-14230,
13501,CM-12190,
77070,CC-12475,
92683,TC-21295,
90036,TB-21400,
8401,JK-15325,
60076,BW-11200,
94122,SH-20395,
43229,JL-15835,
40475,JL-15835,
43130,MD-17350,
97030,CL-12565,
94109,RA-19885,
80501,LC-16885,
27834,SW-20245,
90004,HG-14965,
77041,MV-17485,
94109,GT-14710,
80219,BS-11380,
77340,CM-12715,
77036,EM-13825,
10024,KH-16330,
19134,AF-10885,
47201,JR-16210,
11561,DL-12925,
17602,BD-11605,
60610,RB-19570,
80219,RB-19795,
98103,TB-21250,
77070,KN-16390,
90045,RL-19615,
23602,FH-14275,
90036,YS-21880,
98115,SW-20755,
68104,PN-18775,
7960,AT-10735,
19143,EJ-13720,
10024,DM-13345,
22153,KH-16690,
95661,MB-18085,
61107,DK-12895,
19134,DB-13210,
48234,CV-12295,
90004,GK-14620,
97477,JA-15970,
2908,TH-21115,
60623,BS-11665,
75220,NS-18505,
92553,SA-20830,
67846,BH-11710,
10035,SC-20380,
32839,RF-19345,
13601,CM-12235,
90032,JM-15655,
90004,RB-19435,
48234,NM-18445,
85023,EM-14095,
78521,MP-17470,
40214,KH-16360,
19711,DB-13555,
81001,LB-16795,
90036,CA-11965,
27834,DL-12925,
94110,FC-14335,
43302,DB-13120,
75081,CK-12205,
35810,FW-14395,
89115,JM-15865,
90049,PS-18970,
44107,TC-21475,
68025,CV-12805,
77340,VS-21820,
90036,SC-20575,
28806,SG-20605,
71111,NB-18580,
2908,DR-12940,
2149,MA-17560,
91730,TS-21655,
28205,JG-15115,
2908,KM-16375,
48640,SD-20485,
14609,TT-21070,
49201,BB-11545,
23434,RS-19420,
94513,AI-10855,
77036,AH-10120,
1841,BF-11170,
48234,AA-10480,
84057,SV-20815,
19120,EH-14185,
85204,JL-15850,
28314,JM-15250,
90032,JB-15925,
19140,PB-19105,
80906,SP-20620,
90032,MC-17605,
10009,BG-11695,
94109,JO-15550,
78745,AR-10345,
44105,TS-21505,
79907,GA-14515,
32303,TN-21040,
98103,TW-21025,
75220,PA-19060,
77070,JD-15790,
45503,MN-17935,
98103,GM-14500,
98105,DG-13300,
28205,AG-10330,
21215,JF-15355,
94110,SC-20680,
85705,CM-11935,
90036,KT-16480,
6708,CP-12340,
60610,EK-13795,
11561,CW-11905,
22204,KH-16510,
28540,AB-10600,
43229,AH-10075,
28205,CK-12595,
14215,SP-20620,
77041,JP-15460,
38109,BG-11035,
75023,CC-12550,
97301,SL-20155,
31907,FO-14305,
21044,BB-11545,
97206,DO-13435,
32303,LB-16735,
92503,TS-21205,
43130,CS-12505,
94109,SP-20920,
92553,CD-12790,
23320,RF-19840,
60623,FO-14305,
28205,ER-13855,
10009,PB-19150,
60653,LW-17215,
19120,FG-14260,
60623,BP-11050,
75217,SP-20860,
89115,JD-15895,
79109,FM-14380,
6457,MP-17965,
10035,HR-14830,
19120,BW-11065,
93727,MS-17710,
37064,SJ-20125,
27604,VS-21820,
20735,DK-13090,
90049,MG-17680,
89031,DP-13390,
94109,CJ-12010,
2920,CW-11905,
19711,PP-18955,
90036,PW-19030,
13440,PW-19030,
60610,CY-12745,
92105,BW-11110,
77036,MB-18085,
33407,CR-12820,
90045,EB-14110,
98103,SH-19975,
50315,CV-12295,
10024,AT-10735,
22204,AG-10390,
78577,GM-14500,
22204,JK-15205,
77070,DW-13540,
75061,AS-10090,
60653,TS-21205,
90049,SM-20320,
39401,BH-11710,
10024,LW-16825,
44221,JA-15970,
98103,KA-16525,
85204,TG-21310,
90045,LS-17245,
28540,MO-17950,
44107,CA-11965,
92630,DB-12910,
97206,DK-12835,
28205,EB-14170,
60505,DR-12940,
19140,JS-15685,
80229,LC-16870,
95616,JP-15520,
72701,TS-21655,
10011,NM-18445,
26003,EH-14125,
38109,DC-12850,
77036,DO-13645,
75217,LS-16975,
94122,RW-19630,
95037,RD-19720,
60174,RB-19570,
44105,JE-15715,
19140,PO-19195,
75043,JK-16120,
92024,JP-16135,
6708,Dp-13240,
33021,PP-18955,
22153,RF-19840,
10035,KH-16330,
75217,EM-14200,
10024,DK-12835,
97206,MC-17425,
94513,RW-19540,
92037,DS-13180,
75081,GA-14725,
79907,SC-20380,
10035,KD-16345,
2151,KH-16330,
95928,GG-14650,
33023,JS-15685,
90049,BP-11095,
80219,CC-12610,
19134,SP-20860,
39212,JK-15625,
90045,CC-12100,
77095,DP-13000,
7011,SF-20065,
60623,EH-13765,
98115,DN-13690,
11561,PJ-19015,
53081,MA-17560,
33433,VM-21835,
80013,MM-18055,
92037,CR-12580,
98105,BS-11365,
52001,RD-19585,
90032,KD-16270,
1852,AA-10645,
98270,MC-18100,
73120,AA-10645,
19134,QJ-19255,
80013,JM-16195,
10009,TB-21625,
43130,NF-18595,
95351,BF-11020,
63116,NP-18670,
75217,HM-14860,
10035,DM-13525,
78207,JF-15565,
79109,NM-18520,
1841,AG-10270,
31907,BF-11275,
90032,JC-15775,
2138,PV-18985,
84106,DO-13645,
10035,HA-14905,
44221,SH-20395,
28403,JM-16195,
10035,DK-13225,
19140,CM-12715,
10009,BF-10975,
19134,SF-20965,
90049,CB-12025,
11561,TC-20980,
14609,LW-17215,
94109,NS-18640,
77340,JM-15250,
30344,RF-19345,
10009,CA-12055,
97477,KH-16690,
22204,LC-16960,
28403,JL-15130,
85364,DM-12955,
92404,MV-18190,
21215,NS-18640,
98103,AS-10630,
94110,MT-17815,
10035,SR-20425,
98115,DK-13375,
87105,SV-20935,
90045,RH-19510,
90045,SB-20185,
77041,CR-12820,
19140,EG-13900,
60623,RD-19930,
76903,JM-15865,
77506,LW-16825,
90049,RW-19540,
67846,BG-11695,
90045,TT-21220,
60653,EB-13930,
19134,FP-14320,
95351,JA-15970,
77070,TS-21655,
60610,DP-13000,
92503,JD-15895,
75081,GH-14485,
90008,RD-19585,
33801,CS-12490,
19140,NK-18490,
92037,AZ-10750,
73505,Co-12640,
24153,AG-10675,
92704,EM-14140,
57701,CA-11965,
98115,RB-19360,
6457,RD-19720,
21215,MS-17830,
92105,PG-18820,
79762,KB-16240,
6460,RB-19465,
7109,JD-15790,
10035,JJ-15445,
92105,LT-17110,
94122,AH-10690,
98105,AB-10060,
39212,FM-14380,
90049,GH-14410,
60623,HE-14800,
10035,SZ-20035,
90008,CM-12115,
98198,TG-21310,
97477,DK-12985,
19120,SS-20410,
60653,BM-11575,
60623,MY-17380,
60623,AG-10900,
20852,SG-20470,
10011,CC-12370,
27707,LR-16915,
93101,DB-13120,
37918,LP-17095,
10024,KD-16495,
32114,SA-20830,
37211,BG-11035,
37211,DM-12955,
75220,MC-17845,
37130,ML-17395,
75217,RD-19930,
76017,AB-10015,
91104,EA-14035,
2149,SF-20065,
12180,BC-11125,
30328,PF-19165,
95123,SE-20110,
32216,CJ-12010,
32216,PT-19090,
10009,LH-16900,
94122,BW-11200,
31907,BS-11365,
60505,DP-13390,
60653,MS-17365,
98103,DK-12895,
48066,SN-20560,
72701,TC-21475,
28540,AM-10705,
10035,AJ-10960,
19901,KH-16360,
60505,LP-17095,
10009,JE-15715,
92020,MY-18295,
45503,FC-14245,
10550,ND-18460,
44107,DB-13360,
33614,LC-16960,
31907,BD-11725,
28540,MC-17605,
60174,SZ-20035,
33180,DH-13675,
45373,LC-16885,
98103,JO-15145,
10011,MT-17815,
22204,EB-13750,
28205,RS-19765,
95661,RB-19435,
48234,OT-18730,
90036,GZ-14545,
94110,NL-18310,
93309,BG-11740,
74133,MT-18070,
94122,BC-11125,
77036,GW-14605,
31907,BD-11500,
77573,PV-18985,
27217,HM-14980,
10009,EM-14065,
75220,SF-20065,
11561,ND-18370,
33012,FC-14245,
60505,KL-16555,
7109,XP-21865,
10024,FP-14320,
1810,PS-18760,
19711,CW-11905,
22204,KH-16360,
35601,TC-20980,
92345,YS-21880,
23320,CC-12220,
90036,ZD-21925,
35810,JK-15370,
37918,GM-14440,
1841,JW-15220,
19134,BO-11350,
30605,XP-21865,
59405,MM-18055,
79907,TS-21655,
34741,JL-15235,
98105,SZ-20035,
95051,LR-17035,
90049,SV-20365,
93727,MG-17890,
76106,NC-18415,
98105,SC-20680,
94110,RO-19780,
94110,JL-15175,
33068,PW-19030,
77095,MF-18250,
60653,CC-12220,
77036,MH-17440,
6484,CD-12790,
94601,CV-12805,
6040,TB-21625,
7050,DG-13300,
44312,RD-19810,
2038,EJ-14155,
28403,BD-11620,
77095,MR-17545,
45503,SR-20425,
85301,TH-21100,
10009,BD-11635,
90036,SM-20950,
19711,HE-14800,
92404,JK-15640,
27217,ON-18715,
24153,TH-21100,
75217,MD-17350,
76017,AH-10075,
52302,ML-17755,
98105,LB-16795,
8701,NP-18670,
45231,EB-13750,
80229,RP-19390,
48066,DC-12850,
85281,DJ-13510,
19601,CL-12565,
55124,NC-18340,
21215,KN-16450,
78415,SC-20260,
89115,AM-10705,
98105,MM-17260,
60623,BN-11470,
43229,JB-16045,
85705,DB-13615,
19120,JB-16045,
2920,AH-10075,
94122,AI-10855,
77070,TH-21115,
90049,JE-15610,
60653,TH-21235,
77070,JE-15715,
6010,AT-10735,
49423,JH-15820,
87105,DR-12940,
80027,AB-10165,
10024,MC-18100,
6360,IG-15085,
94122,FH-14275,
46060,AS-10285,
37042,PN-18775,
33021,GM-14500,
17403,NC-18625,
85204,TW-21025,
10024,BF-11020,
94110,TT-21460,
90036,SW-20245,
68104,PG-18820,
19120,DP-13390,
10024,DJ-13510,
49505,EN-13780,
98115,PB-19150,
93727,BD-11560,
22204,SE-20110,
90049,AT-10735,
79424,CC-12685,
80501,AS-10225,
10701,AB-10150,
90045,DH-13075,
90049,SR-20740,
79109,NR-18550,
75217,SJ-20125,
10035,LC-16885,
77041,NS-18640,
32839,NS-18640,
41042,HG-14965,
10009,SF-20200,
75034,EM-14065,
7501,DO-13645,
53209,MY-18295,
94109,DB-13615,
43229,SP-20920,
90008,ME-17320,
48227,BS-11755,
31907,KS-16300,
94122,CC-12475,
19143,HD-14785,
90008,KB-16315,
19140,HR-14830,
10035,TB-21625,
31907,DS-13180,
80013,GB-14530,
77041,VB-21745,
60623,MC-17425,
35601,CB-12025,
22153,PM-18940,
33317,DC-13285,
77041,LA-16780,
53209,DJ-13420,
32771,MH-18115,
75056,BG-11035,
45373,SV-20365,
11550,DP-13105,
75081,SR-20740,
77041,BT-11680,
94110,JK-15640,
34952,ST-20530,
3301,TS-21505,
55901,CM-12190,
78666,MC-17590,
92025,MH-17440,
19134,RD-19720,
90049,KB-16240,
19140,FC-14335,
19120,BD-11770,
11550,FH-14365,
80634,SO-20335,
32216,PM-19135,
22204,GD-14590,
94122,PA-19060,
93727,LS-17200,
89502,JL-15175,
78207,CA-12310,
2740,CM-12160,
10035,BT-11440,
93030,SE-20110,
90036,HG-14965,
94601,PF-19165,
98026,BD-11770,
90004,BT-11395,
10024,EM-14095,
75217,LC-17050,
37064,FH-14275,
85023,CM-12235,
33178,FM-14380,
80906,HG-14965,
10011,AG-10525,
18018,OT-18730,
19140,SV-20365,
40214,JM-16195,
98105,HM-14980,
53142,PO-19180,
42420,KC-16675,
75217,DB-13120,
85345,SV-20935,
28540,NS-18640,
90032,MH-17455,
37211,RR-19525,
28205,RH-19555,
98103,RP-19390,
60623,KB-16600,
45231,MH-17620,
33311,HZ-14950,
77041,JG-15160,
90712,AB-10165,
94122,HJ-14875,
19140,CJ-11875,
98115,ED-13885,
44105,KB-16315,
62521,JS-16030,
76063,PO-18850,
77070,RD-19810,
23223,JD-15895,
94122,TZ-21580,
92024,TN-21040,
13601,PW-19030,
90036,AH-10075,
19140,AY-10555,
44312,SP-20650,
94110,ED-13885,
49505,CR-12625,
94109,CS-12400,
37211,TS-21205,
19120,RP-19390,
89502,NF-18475,
10009,PP-18955,
90008,JD-16150,
92037,EJ-14155,
92105,TS-21430,
44035,BM-11650,
77070,AW-10930,
33178,MH-17290,
98115,SW-20275,
37130,SP-20860,
63116,SC-20695,
98105,PW-19030,
10024,CS-12250,
55125,RP-19855,
37421,CS-12175,
19140,MJ-17740,
70506,JG-15160,
46226,AG-10765,
97123,CK-12205,
2138,HD-14785,
92105,BO-11350,
10009,LC-16885,
32303,RB-19465,
43615,JD-16015,
21044,MF-17665,
30318,BF-11170,
95823,FO-14305,
76106,BB-11545,
43229,IL-15100,
80027,PO-19180,
27604,DB-13555,
10024,LC-16960,
60623,MP-18175,
77340,EA-14035,
97301,BM-11785,
77070,CM-12715,
83301,JD-16150,
37918,AS-10630,
85023,CM-11815,
28110,JE-15715,
23223,AG-10525,
90008,BP-11095,
84057,MJ-17740,
19134,KT-16480,
60623,CS-12250,
73120,AB-10015,
10035,AH-10030,
84106,DO-13435,
13501,MC-17590,
19134,JF-15190,
90004,SM-20950,
49201,SP-20650,
85301,CK-12760,
19805,PW-19240,
78745,EB-14170,
32839,DK-13090,
19601,TB-21055,
19134,AG-10900,
63301,BB-11545,
46203,VP-21760,
98115,RP-19270,
22801,DH-13675,
14609,SW-20455,
30328,KF-16285,
94110,JR-16210,
55407,JC-16105,
43229,BP-11290,
27604,FA-14230,
10011,DN-13690,
19143,FO-14305,
83642,DP-13105,
95823,JW-15220,
28205,TT-21460,
7501,SN-20560,
22204,JM-15865,
60653,SB-20185,
92037,CC-12475,
98105,SH-19975,
43229,RB-19435,
77095,TC-21295,
75061,CT-11995,
7960,GZ-14470,
90008,AM-10360,
60505,AH-10120,
27707,MY-18295,
43229,BS-11590,
90036,BB-10990,
95207,ML-17755,
65203,FC-14245,
92037,LC-16960,
77590,GZ-14470,
90004,BD-11320,
22153,EM-14095,
62521,BP-11290,
10009,SU-20665,
94110,AY-10555,
92553,EM-13825,
2149,SA-20830,
37421,CA-12265,
78745,CV-12805,
23464,AH-10690,
14701,DS-13180,
33134,AH-10690,
28601,ZC-21910,
61107,DF-13135,
98103,SS-20140,
77340,FP-14320,
53209,HE-14800,
54302,SP-20545,
19120,BP-11185,
90008,PG-18895,
33161,JP-15520,
97206,NW-18400,
60505,SW-20245,
94109,EH-14005,
94110,SC-20260,
2740,NC-18535,
92037,AS-10090,
38301,JL-15130,
32216,VG-21790,
92024,HG-14965,
33012,JH-15430,
77070,RO-19780,
23464,LW-17125,
77070,CC-12370,
19120,JP-16135,
38109,DD-13570,
44107,ES-14080,
19120,RD-19900,
90008,RL-19615,
75220,JP-15460,
7050,DM-13345,
75220,CS-11860,
60441,DL-13315,
60623,LC-16870,
28540,JG-15115,
65807,HM-14860,
94110,TN-21040,
38401,VP-21760,
33021,CS-12355,
77041,HG-14845,
19140,MH-18115,
85023,TB-21280,
30328,EM-13825,
99207,JF-15415,
53209,NB-18655,
45014,CS-11860,
35810,ND-18460,
10011,EA-14035,
90008,BP-11050,
88220,NS-18640,
83201,MV-17485,
22153,LE-16810,
43615,VP-21760,
80525,TC-21475,
10024,SG-20470,
10035,VP-21760,
1752,PO-18865,
10801,JL-15130,
98103,RW-19540,
48227,RB-19465,
72701,SC-20095,
62301,EM-13960,
10035,RP-19390,
48205,AB-10105,
85224,ND-18460,
33021,XP-21865,
90049,MM-18280,
94122,ML-17395,
94086,KM-16225,
10011,SL-20155,
90004,AJ-10780,
94122,DK-12835,
92704,BK-11260,
98103,CC-12670,
10011,ED-13885,
90045,SV-20785,
98103,AR-10825,
92024,CS-12250,
10035,RR-19525,
60653,BD-11500,
22801,BM-11785,
20852,MS-17365,
98198,BM-11140,
19134,KE-16420,
47201,SZ-20035,
65807,MB-18085,
42420,DB-13555,
44107,CB-12415,
68104,SP-20650,
42420,GW-14605,
92704,KH-16630,
22153,BG-11035,
23434,LO-17170,
90049,DV-13465,
77041,LR-17035,
27511,RR-19525,
45503,TS-21610,
40214,AH-10210,
45373,DW-13585,
48227,AJ-10945,
47401,SV-20785,
75081,MG-17650,
77041,AB-10105,
76117,MM-18280,
23223,MA-17995,
90049,EB-13975,
19140,NS-18505,
90036,RB-19795,
90032,JK-15325,
94109,PR-18880,
19120,EH-13945,
77070,MA-17560,
88001,MA-17995,
77070,JL-15505,
97756,AS-10045,
44105,DC-12850,
20707,MD-17860,
92037,RH-19510,
27893,TB-21175,
33710,EB-13930,
60089,BM-11785,
90049,BT-11530,
10011,FW-14395,
89115,RD-19480,
60540,TP-21130,
48234,QJ-19255,
85323,KM-16720,
89115,IM-15055,
4401,ML-17395,
37075,GH-14410,
54703,AG-10900,
60610,MG-17695,
92037,MJ-17740,
39212,SJ-20125,
93030,LB-16795,
98031,SB-20185,
37211,CC-12610,
10035,DP-13000,
92683,JL-15505,
18103,SM-20320,
78207,BB-10990,
85323,PB-19150,
95123,GM-14680,
8861,NR-18550,
10011,EH-13765,
6460,BT-11680,
61701,AB-10105,
98105,SC-20230,
52601,RS-19870,
95661,AI-10855,
94110,DJ-13420,
19120,BF-10975,
90049,TH-21235,
55407,AW-10930,
19120,JW-15955,
70506,MH-18025,
77803,FM-14290,
90008,GZ-14545,
90049,TC-21535,
90045,TB-21520,
85023,RP-19390,
90036,LR-16915,
43229,MM-17260,
32303,NB-18655,
94122,DS-13030,
94109,VF-21715,
10009,SW-20275,
52302,PW-19030,
90008,KD-16615,
71603,DO-13645,
65203,GA-14725,
57401,JL-15505,
98103,SU-20665,
48227,FM-14380,
38109,MY-17380,
89031,NM-18445,
11520,CS-11950,
10035,PK-19075,
10024,HM-14860,
42420,AH-10210,
87105,FC-14335,
33445,CP-12085,
19140,SC-20305,
98105,HJ-14875,
23223,CB-12025,
33407,EH-14185,
80525,LW-17215,
53132,MK-17905,
28110,JH-15820,
75081,DB-13270,
19134,TB-21625,
94109,NM-18445,
19901,TT-21220,
76706,RS-19765,
21740,TB-21625,
44105,AM-10360,
78501,MP-17965,
87505,MH-17290,
94110,CA-12265,
10024,KD-16615,
75220,DW-13540,
48234,AG-10495,
19140,JH-16180,
75007,DK-13090,
10009,AR-10825,
77041,SM-20005,
90036,DB-13660,
98026,PF-19225,
94110,AJ-10945,
10035,EB-14110,
97477,ES-14080,
40324,SS-20410,
33065,AG-10900,
94110,CY-12745,
94110,RP-19270,
92503,DB-13360,
45373,CK-12325,
92553,DN-13690,
98115,DP-13105,
60623,RO-19780,
49201,MA-17560,
10024,JD-15895,
98105,PS-18970,
63301,JF-15415,
11561,RD-19480,
8701,ES-14080,
20735,KN-16390,
43229,VP-21760,
91104,CS-11950,
98105,KB-16600,
90045,AJ-10945,
7017,PO-18865,
54703,DP-13105,
60610,GM-14500,
33614,CC-12670,
10009,SJ-20125,
85204,SF-20200,
77070,KM-16375,
60505,FH-14275,
80219,DG-13300,
10011,MW-18220,
60004,SC-20845,
23602,BD-11500,
85705,LP-17080,
10024,NP-18700,
19134,DP-13105,
60653,RB-19465,
10035,LC-17140,
19143,WB-21850,
85301,MH-17785,
90036,SC-20305,
77041,MH-17620,
98115,JC-15775,
28314,RD-19810,
77041,SC-20695,
94122,NC-18535,
10035,LW-17215,
14215,JO-15145,
77340,VW-21775,
75081,BP-11185,
19134,PP-18955,
85345,SC-20725,
19143,BM-11785,
92054,CD-11920,
19134,GM-14680,
10035,BW-11065,
44240,RE-19405,
32216,HR-14770,
75019,TP-21565,
46203,KB-16315,
46226,AC-10660,
74133,DN-13690,
98052,CC-12430,
94109,TS-21340,
99207,MO-17800,
90032,RP-19855,
37421,JL-15175,
27405,BW-11110,
94122,SJ-20500,
10024,FG-14260,
90712,EH-14125,
40214,BS-11590,
43229,JS-16030,
19711,JC-15775,
98115,JM-15265,
10024,CD-12280,
60653,JM-15265,
60543,SS-20410,
75220,HG-14845,
19134,BC-11125,
90008,AB-10255,
77036,MY-18295,
26003,NF-18385,
7501,NB-18655,
97206,EM-13960,
35810,MF-17665,
94110,CM-12385,
73120,EC-14050,
74012,BO-11350,
92691,VM-21835,
46142,AB-10060,
53209,CM-12235,
94109,KW-16570,
13440,MM-17920,
48127,RD-19900,
10024,LM-17065,
60623,CS-11845,
75217,KT-16480,
54915,BE-11410,
32216,NF-18475,
60653,DL-13315,
43402,MS-17710,
94110,MM-18055,
90049,JB-15400,
60623,SG-20605,
98115,PB-18805,
77705,AC-10615,
98103,MR-17545,
75217,BF-11215,
10011,BW-11200,
60610,TS-21610,
94110,AS-10045,
2908,AA-10375,
85023,PS-18970,
77095,RP-19270,
47201,NC-18625,
19140,SC-20020,
22153,BD-11560,
80020,SM-20950,
43229,EB-14110,
3301,HP-14815,
77095,EB-14170,
43055,SM-20905,
90045,CG-12040,
33614,TG-21640,
68025,DK-12835,
43229,MB-17305,
91767,SF-20065,
78207,PS-18760,
10035,RB-19705,
19120,RS-19870,
48234,HJ-14875,
33142,SV-20815,
94521,BE-11410,
60090,AZ-10750,
60610,HD-14785,
77506,BF-11005,
10024,HZ-14950,
95823,FC-14245,
97477,TP-21130,
76063,EB-13705,
72401,JP-15520,
23464,TD-20995,
14609,DM-13345,
23320,EG-13900,
43130,HG-14965,
10024,BF-11080,
90045,SC-20095,
39212,CS-11950,
95695,BD-11320,
98115,MZ-17515,
90049,PW-19030,
43402,BS-11380,
43130,DA-13450,
75220,ME-17725,
79424,MH-17785,
48227,BT-11440,
43055,MM-17920,
10011,NM-18520,
55407,MH-17455,
2149,TC-21295,
98105,MH-17785,
90032,EP-13915,
28027,JH-15985,
98103,CM-12715,
85301,FO-14305,
55433,MW-18220,
90045,MS-17365,
85705,HP-14815,
10035,AS-10090,
91767,CS-12505,
93101,ME-17320,
94109,MS-17770,
92503,KH-16690,
90049,LC-16885,
92672,AF-10870,
35601,AH-10465,
27405,GK-14620,
94568,KL-16645,
19143,FM-14290,
77095,JL-15850,
93309,GM-14500,
47374,MC-17635,
10009,CS-12490,
94122,AH-10030,
94122,EP-13915,
90032,FW-14395,
92037,KA-16525,
76017,SC-20050,
23223,PG-18895,
10035,TA-21385,
77041,PO-18850,
6824,SM-20950,
45503,SC-20695,
48234,HK-14890,
19140,BT-11485,
90301,KM-16660,
93405,SP-20920,
19805,LB-16795,
94122,JS-16030,
90045,CS-11950,
19143,MD-17350,
94122,LD-17005,
19134,DB-13270,
77041,AT-10735,
17602,DK-13375,
54302,CS-12250,
10024,JF-15565,
10011,TW-21025,
61701,TB-21250,
83704,SC-20380,
1852,KM-16720,
98115,EB-14170,
90049,JE-15715,
23666,NC-18535,
19134,AD-10180,
68104,NF-18475,
90032,KD-16615,
92037,EP-13915,
19711,JJ-15445,
60505,BE-11410,
90008,BP-11290,
60653,BH-11710,
3820,EM-13810,
60610,EP-13915,
98115,NZ-18565,
23223,LC-16870,
94109,SF-20965,
72762,KM-16375,
98103,ML-17395,
90036,MC-18100,
6457,DB-13660,
49505,LW-17215,
94122,TC-21535,
33012,SC-20050,
19143,FM-14215,
30318,PF-19225,
78207,LF-17185,
11561,CL-12565,
7501,EM-13825,
40214,ME-17725,
23666,BG-11035,
77070,CJ-12010,
77070,KH-16360,
60610,SH-19975,
43615,CS-12490,
95240,JK-15730,
10024,PJ-19015,
33311,AP-10720,
60623,PT-19090,
97206,TB-21595,
7017,CB-12025,
33710,AG-10495,
94122,BD-11605,
10035,JS-15685,
28205,NF-18385,
77705,SC-20305,
75220,GA-14515,
45503,CY-12745,
77571,WB-21850,
90805,DL-12865,
62521,RE-19450,
90008,MH-17290,
95240,EH-13765,
10009,EH-13765,
94109,GA-14515,
31907,GA-14515,
98103,EB-13840,
47374,HR-14770,
10009,SM-20950,
45040,EA-14035,
60623,MH-17455,
10024,SL-20155,
44134,NP-18685,
10035,RF-19840,
44105,BE-11455,
10035,JK-15370,
44105,CC-12100,
30188,LL-16840,
90008,KE-16420,
47905,SG-20605,
13501,RD-19585,
8701,VG-21805,
53209,SH-19975,
60623,MM-17920,
60653,JF-15415,
45014,LP-17095,
45503,MP-18175,
80027,SC-20845,
75007,DP-13000,
92804,KD-16615,
40475,RP-19855,
93101,KN-16390,
52302,TM-21010,
10035,JF-15190,
77803,MY-18295,
44312,AT-10435,
60653,JF-15490,
10035,DH-13075,
94122,IM-15055,
92404,KH-16510,
14304,JK-15205,
19120,AS-10240,
2920,SC-20575,
90049,CP-12340,
10009,NS-18640,
94122,JL-15835,
92804,MD-17350,
98103,RD-19660,
19120,NH-18610,
46203,HW-14935,
90045,DB-12970,
10801,KN-16705,
85224,AJ-10945,
41042,CL-12700,
77041,CM-12655,
19140,AS-10240,
7060,RB-19435,
30080,MP-17470,
77041,RC-19960,
90032,AP-10720,
70506,SW-20455,
45014,TB-21055,
49505,RC-19960,
11561,DV-13465,
90008,ML-17410,
30605,RA-19885,
33180,TB-21400,
92627,DB-13060,
92683,CC-12220,
