Customer_ID,Postal_Code
CG-12520,42420
DV-13045,90036
SO-20335,33311
BH-11710,90032
AA-10480,28027
IM-15070,98103
HP-14815,76106
PK-19075,53711
AG-10270,84084
ZD-21925,94109
KB-16585,68025
SF-20065,19140
EB-13870,84057
EH-13945,90049
TB-21520,19140
MA-17560,77095
GH-14485,75080
SN-20710,77041
LC-16930,60540
RA-19885,90049
ES-14080,32935
ON-18715,55122
PO-18865,48185
LH-16900,19901
DP-13000,47150
JM-15265,10024
TB-21055,12180
KM-16720,90004
BS-11590,85234
KD-16270,22153
TB-21520,49201
JE-15745,38109
KB-16600,77041
JE-15745,77070
SC-20770,35601
DN-13690,94122
JC-16105,27707
CS-12400,60623
PO-18865,29203
PG-18895,55901
GM-14455,77095
JS-15685,90036
KB-16315,55407
RB-19705,97206
PN-18775,10009
KD-16345,94122
ER-13855,55106
RB-19465,60610
GZ-14470,55901
LC-16870,80013
JM-15250,28205
PA-19060,60462
CV-12805,10035
CL-12565,50322
RC-19960,43229
DK-13090,98103
GG-14650,37620
SC-20725,19805
AD-10180,77041
PF-19165,61701
TS-21610,85023
LS-16975,90004
DW-13585,43229
LC-16885,95661
SH-19975,94122
SG-20080,64055
HA-14920,91104
MG-17680,43055
JE-16165,53132
TW-21025,85254
SP-20650,95123
NK-18490,98105
DB-13060,98115
NP-18670,73034
TT-21070,90045
EM-13960,19134
RD-19900,88220
MJ-17740,98115
BM-11140,78207
CS-12130,90004
JB-15400,60623
SJ-20500,77036
JE-15745,43055
JK-15640,10009
DK-13150,62521
RM-19675,71203
SK-19990,6824
FM-14290,90032
AM-10360,75051
MP-17470,10035
MZ-17515,92374
CB-12025,45011
VM-21685,7090
FH-14365,19120
MB-17305,44312
BS-11755,80219
LC-17140,75220
HK-14890,37064
LE-16810,90604
JH-15985,48601
MS-17980,75220
VW-21775,44256
JH-15910,90032
JB-15925,43017
DS-13180,48227
VD-21670,38401
EA-14035,28205
CS-12400,33614
DB-13120,95051
KL-16645,60610
DW-13480,55044
LH-17155,94109
KC-16540,92037
DL-13315,10024
DR-12880,60623
CC-12670,10009
Dl-13600,77506
SB-20290,77036
RC-19825,60610
AH-10210,94513
CB-12535,27514
PG-18895,7960
CA-12310,45231
KH-16690,94110
HA-14920,94109
BB-10990,90301
AG-10495,19140
SC-20725,77070
JO-15280,90004
TB-21520,97206
AH-10195,33319
NZ-18565,43229
KL-16555,80906
JD-15895,7109
JH-15910,60623
AS-10225,10024
KB-16600,48180
CR-12625,8701
SH-20395,22204
BP-11185,80004
TS-21205,7601
AG-10525,33710
SP-20860,19143
NM-18445,10024
FA-14230,90805
GK-14620,92345
DJ-13510,37130
PO-18850,19143
JL-15850,19134
DB-13615,90045
AC-10420,94122
KL-16645,84041
JD-15895,19140
CS-12130,78745
CC-12550,94122
TD-20995,1852
AB-10060,10009
JL-15505,10035
HK-14890,28205
VB-21745,31907
KW-16435,10009
JD-16060,94109
MK-17905,6040
GT-14755,78550
AG-10900,85705
MM-18280,62301
AR-10405,2038
RA-19915,77095
AS-10285,94109
LA-16780,48180
DO-13435,33024
DK-13225,19140
NG-18430,45231
MV-18190,10009
JG-15115,98198
BP-11095,61604
VP-21730,89115
SS-20140,2886
HP-14815,49201
AG-10675,77036
LF-17185,33180
SP-20650,28403
RF-19840,10024
KH-16510,94110
KC-16675,98105
CJ-12010,92646
PB-19150,90004
VB-21745,40475
SP-20860,90045
JE-15745,80027
MP-17965,1841
NF-18385,39212
JM-15265,48187
SD-20485,10801
KH-16630,78207
RB-19795,28052
DB-13060,1852
MK-18160,32216
PO-19180,60623
BB-11545,77070
CV-12805,10024
PK-19075,48227
TB-21595,47201
RB-19360,13021
EB-13705,44312
KH-16630,73071
SC-20095,94521
NF-18385,62521
JH-15985,98115
TN-21040,85023
JS-15940,60068
DS-13180,79109
CC-12670,60610
MH-17785,11757
JP-15520,94110
KH-16690,90008
JE-15475,12180
JG-15805,10024
XP-21865,92024
EM-14065,10024
MT-18070,90045
SA-20830,60610
CW-11905,77340
AJ-10960,14609
SS-20590,98115
RO-19780,38109
MD-17350,72701
SC-20095,92627
MY-17380,80134
EB-13705,10024
CM-12385,30318
LS-17245,64118
LF-17185,43055
BN-11515,90049
AD-10180,59405
DB-13210,77041
MC-17605,48234
LH-17155,90032
BD-11605,1841
PH-18790,33801
MG-18145,19134
KB-16240,90036
JC-15340,90032
RL-19615,36116
AA-10375,85204
EP-13915,60653
MP-17470,10009
DK-12985,42420
BD-11500,54302
ES-14080,85705
LM-17065,45503
PG-18895,76106
AS-10135,10035
DK-13225,60653
BD-11320,94110
RC-19960,32216
GT-14710,77070
DK-13225,92804
AJ-10945,28403
OT-18730,90045
LP-17080,94110
CA-12775,33614
JF-15490,98105
FP-14320,90008
EB-13840,98105
JF-15415,10024
SF-20200,98270
TG-21640,90805
CS-11950,60610
CC-12145,90004
DV-13465,80219
BD-11725,40475
ZC-21910,97301
MS-17830,78041
LR-16915,92024
TP-21130,19134
CK-12205,19120
AS-10240,33614
AR-10510,19134
NB-18655,75217
GD-14590,19143
CK-12595,43123
NG-18355,10011
CA-12265,60610
SF-20965,48126
MO-17800,10009
AT-10735,98115
LC-17140,94122
FM-14380,80013
BD-11605,33180
DJ-13420,31088
ME-17725,80013
RB-19465,94591
JD-16150,55407
JL-15835,92691
TW-21025,7060
CC-12430,47201
BB-10990,85635
AR-10825,98661
SR-20740,10024
AR-10405,10035
CR-12730,43229
EH-14125,60505
CB-12025,76017
SP-20545,10011
RC-19825,40214
TH-21235,75081
RP-19390,44105
MO-17800,60653
TD-20995,62301
RB-19570,47201
CD-11980,75701
DJ-13630,10024
GT-14635,27217
MC-17845,39212
RA-19285,10035
NP-18325,22980
AB-10165,90036
JO-15550,19013
Dl-13600,44105
AS-10285,98103
JK-15370,90805
BN-11470,27511
DP-13165,10035
TH-21550,10035
AP-10915,32137
RS-19765,10550
Dl-13600,98105
SV-20365,19901
KC-16540,43055
CK-12325,84057
RD-19810,90045
MP-17965,48205
MR-17545,19140
SC-20695,33012
JF-15355,78745
EG-13900,11572
DS-13030,98115
GZ-14470,94110
PO-19195,60540
SS-20875,75220
MH-17785,92105
PB-19105,60201
RF-19735,48183
YC-21895,94110
MS-17830,90036
NB-18655,32216
DC-13285,55016
CP-12340,10009
AR-10510,90004
JC-16105,30318
LH-17020,43229
CS-12250,71111
AJ-10795,33710
LE-16810,22204
BV-11245,50315
DL-12865,45231
NZ-18565,94110
BM-11785,43229
EA-14035,29203
CL-12565,93534
LT-17110,93534
SA-20830,23223
ES-14020,94110
RH-19495,55901
DB-13120,14609
CD-11920,92530
HW-14935,92105
MC-18130,71203
GM-14440,94122
RA-19915,80219
AA-10375,68104
ZC-21910,98026
PJ-19015,92704
BW-11110,53209
DB-13210,19140
CA-12775,19140
TR-21325,7109
PG-18820,94110
GT-14710,55044
JE-15745,41042
JB-15400,33614
LH-17020,75701
JL-15175,38401
EB-13705,76106
BM-11650,10035
EM-14095,90036
AF-10885,40214
GA-14725,44052
CK-12760,7036
DP-13105,93905
VD-21670,39212
GT-14710,10035
BK-11260,10035
SJ-20125,8901
CM-12445,94122
AJ-10795,32216
AJ-10780,22153
LS-16945,19140
GP-14740,17602
PK-18910,19143
TB-21520,3301
SM-20005,10009
GA-14725,28205
CC-12430,3301
AG-10765,19120
HP-14815,10024
DK-13090,22153
GZ-14470,94109
PM-19135,48227
LL-16840,14609
JS-15595,90045
OT-18730,92105
EL-13735,21044
CK-12760,94122
JE-15475,10801
TH-21550,48227
PC-18745,94122
HL-15040,77095
MS-17365,48227
GB-14530,13021
JR-16210,45503
TD-20995,75043
DB-13060,60653
LC-17140,90032
PO-18865,10009
BE-11335,49201
SC-20050,6360
BM-11650,53209
KL-16555,78207
RW-19630,75220
RC-19825,22304
SE-20110,10009
AH-10075,10011
JM-15535,19143
JJ-15760,22153
AB-10165,43615
CG-12040,19120
RA-19885,87401
RP-19270,92503
KC-16255,94110
RW-19630,90503
JL-15850,98105
CA-12775,85204
RB-19795,19120
KH-16360,19143
GH-14665,78664
SW-20275,39212
JA-15970,85023
DL-12925,92054
LW-16990,94110
TB-21190,72701
CV-12805,94110
MS-17365,33433
BS-11800,10011
DL-13315,19134
PO-19195,10011
TD-20995,97206
BW-11110,48205
RW-19690,28403
KB-16600,47201
EB-13870,10035
TZ-21580,80027
AS-10630,77506
TS-21340,77041
JG-15805,13021
SL-20155,32216
TS-21610,10024
RF-19735,95123
MW-18235,23464
RD-19585,42420
FM-14290,98661
RH-19495,10024
RA-19945,92563
JK-15730,28540
MT-17815,85254
PO-18850,52601
AT-10735,60653
VG-21790,92037
PF-19165,98502
JS-15880,98103
MO-17800,90036
KM-16225,10011
GT-14710,20016
PB-19150,19134
HR-14770,90045
DE-13255,45503
LA-16780,7601
AG-10390,45231
EL-13735,65109
JJ-15445,90004
JH-15430,27217
RD-19660,63376
MO-17500,10035
NS-18640,60610
SN-20710,61107
ZC-21910,33142
LC-16885,94109
DG-13300,19134
NF-18595,10009
BP-11185,92037
MG-17650,19143
JD-16060,77095
TS-21160,43615
CM-12160,78521
RB-19795,19143
SN-20560,90008
FO-14305,10035
MS-17710,85204
CC-12100,47201
DW-13540,98105
BT-11395,48227
KD-16270,10701
LC-16870,50315
CY-12745,94601
LW-16990,28110
NP-18325,92105
BT-11485,20735
PS-19045,28205
NS-18640,90049
PV-18985,94122
RP-19390,77041
NM-18520,92503
EH-13945,77041
RA-19915,92024
DL-13495,94110
CS-12355,30076
HL-15040,72401
PA-19060,47374
BD-11605,22153
GG-14650,94509
JS-15940,19134
LR-16915,33030
FH-14275,46350
AP-10915,90045
NC-18340,48911
CB-12535,44221
KL-16555,89502
PS-19045,22801
GB-14530,90004
LT-16765,92025
AP-10720,10035
PM-18940,49201
KC-16540,98115
DL-13315,10035
SW-20275,48073
AA-10375,90008
LT-17110,61701
DP-13105,10035
AB-10060,3301
AT-10435,90004
JE-15745,20852
CA-12055,77070
DB-13060,8701
RB-19570,28540
HR-14830,98103
BT-11530,90036
NG-18355,33065
ZC-21910,77041
LS-16945,80219
LH-16750,28205
SW-20755,10009
SP-20620,19134
BF-11170,90036
BM-11140,10024
ZC-21910,90045
KT-16480,14215
BG-11695,45231
PG-18820,33437
GM-14680,98105
MO-17800,10024
PG-18820,10009
EJ-14155,39503
NP-18700,93727
DJ-13630,10009
IM-15070,53209
MH-18115,19013
RB-19795,28205
JR-15700,32216
SM-20950,27834
CS-12355,11561
CC-12220,46350
PF-19225,94122
JC-16105,90045
BG-11695,80027
DC-12850,35630
SP-20545,60623
MS-17710,76106
BD-11770,77070
KC-16255,31204
TR-21325,52402
SA-20830,32216
KW-16435,78745
GM-14500,2908
AD-10180,10035
TB-21355,10009
CC-12430,94122
PF-19165,92105
JH-16180,81001
EB-13975,94533
QJ-19255,55106
AA-10315,94109
LC-17140,22153
TC-21535,22204
CS-12460,31907
BM-11785,77036
RC-19825,91104
FM-14380,1841
PK-19075,43229
HG-14965,90032
HA-14920,19120
LW-16825,32725
MC-17575,45231
LP-17095,42071
EB-14170,28403
GZ-14545,1841
LE-16810,60653
AD-10180,19120
CP-12085,6360
FG-14260,94110
LD-17005,94109
AB-10255,44052
MN-17935,75220
HP-14815,90049
JR-15670,6457
JF-15190,90008
CM-12115,10011
AS-10045,28540
KB-16315,11520
BN-11515,55044
BP-11290,60201
AS-10045,22204
LW-16990,94109
DC-12850,77036
ND-18370,40214
LB-16735,76106
KT-16465,90049
HM-14860,19120
AB-10600,85705
SZ-20035,90660
JR-15670,80906
MG-17890,20735
KM-16720,94591
CA-12265,84604
VD-21670,84062
JK-16120,60505
PP-18955,30080
YS-21880,27217
CK-12760,60505
NC-18340,10035
KM-16375,24153
GM-14455,43229
SD-20485,19143
KD-16270,10024
AB-10105,85023
SZ-20035,75051
JD-15895,10035
HA-14905,10024
BT-11305,92627
SV-20815,77041
RW-19540,85204
DK-12835,93905
LT-17110,43229
IM-15070,35630
FP-14320,98105
ST-20530,44134
JE-15745,79109
BD-11320,2908
MM-17920,94110
PW-19030,40475
SC-20440,80013
KL-16645,60623
SD-20485,60653
TS-21160,19134
JB-15400,90008
TS-21085,85023
MC-17425,36608
ME-17320,31907
SC-20440,2740
NH-18610,75061
LC-17140,98103
MB-18085,8360
LC-16930,77506
KD-16495,10009
MB-17305,85301
TH-21550,32216
DK-12835,48234
ON-18715,19120
KN-16390,90004
NP-18685,14304
CG-12040,10024
CS-12505,27360
KD-16345,92683
MK-18160,94122
DW-13540,38301
CP-12340,98115
MS-17770,10035
CM-12655,90008
Co-12640,19143
DL-13495,10024
TS-21370,10035
JW-15220,98661
RF-19840,31907
JD-15790,75019
NK-18490,94122
NG-18430,78745
AT-10435,90045
PC-19000,90004
AR-10540,10024
CS-12505,31907
LS-16975,68104
NH-18610,91767
RA-19915,75220
AI-10855,19120
MC-17845,89031
TB-21400,98105
VW-21775,94110
PL-18925,60610
GH-14425,85705
CJ-12010,18103
MC-18130,19711
BV-11245,33142
JF-15490,85281
EB-13840,10035
MP-18175,92677
JM-15655,8302
CL-11890,2149
CK-12205,43229
DB-13270,92024
PC-18745,13601
VB-21745,78207
EP-13915,10011
ME-17320,77095
IG-15085,92024
JS-15940,54915
BO-11425,40475
VW-21775,98006
AB-10150,11561
JW-16075,19140
JE-15475,98103
EB-13750,98103
PK-18910,94109
CS-12400,98115
SG-20470,10011
CM-12190,19134
CL-12565,29203
JO-15550,98105
AW-10840,75002
AH-10075,30318
SC-20095,90004
MC-18100,79907
TT-21460,60505
AP-10720,35630
DL-12865,10011
NP-18325,10024
VG-21805,23464
MY-18295,76051
RD-19480,98502
JF-15490,90032
DP-13390,61604
MD-17350,43229
MY-17380,10011
AB-10150,75007
GB-14530,19901
CA-12775,37167
ME-17725,19711
JO-15280,90049
ML-17395,90008
YS-21880,94601
PL-18925,19143
JK-16120,55122
PN-18775,10011
JC-15385,98031
JG-15160,90049
PO-19180,10011
MC-17275,70506
AS-10240,44105
CL-12565,44105
NW-18400,97224
TB-21280,20016
BS-11380,60076
FH-14365,98115
VM-21685,19140
SF-20200,19143
HH-15010,94110
CD-12280,98105
HL-15040,53209
TH-21100,90045
MM-18055,98115
QJ-19255,19143
NS-18505,75217
MM-17920,10011
RD-19480,77095
RB-19645,89031
RD-19585,75023
SW-20455,23434
SF-20965,77041
EB-13930,94110
SB-20290,19134
PS-18760,90008
CB-12535,94110
DK-12835,19143
AW-10840,19140
TS-21610,19143
HF-14995,46203
HZ-14950,43229
AB-10255,75023
PO-19195,7002
AG-10900,90008
SC-20725,98115
ND-18370,10035
CD-12790,92037
PG-18820,85301
IM-15070,19120
JK-15205,94122
JP-15520,77070
MM-18055,60610
DC-13285,94110
JL-15835,10011
BN-11515,10011
KD-16345,60623
JK-15370,19143
FM-14215,43017
CA-12265,22153
KD-16495,28314
LH-17155,75081
AG-10675,28540
DB-13120,94122
ED-13885,92037
MC-18100,19140
BM-11785,14609
EM-14065,28540
DA-13450,77095
MO-17800,78207
JW-15955,94601
VW-21775,94122
TT-21460,76106
SL-20155,77095
RM-19375,77095
MB-18085,19143
AG-10900,92105
ML-17755,23434
CC-12685,27405
SC-20770,75081
GG-14650,60623
MY-18295,21215
DP-13000,90004
BD-11770,10011
CB-12535,2038
JE-15610,53209
RP-19855,53142
RA-19915,10011
RP-19390,53711
TB-21175,77041
BE-11455,66062
MR-17545,10024
RM-19375,95123
JF-15565,75081
JA-15970,19134
GK-14620,90049
PB-19210,74133
HK-14890,60610
FO-14305,22801
BT-11680,43055
SP-20620,90045
LL-16840,98105
MC-17575,90036
JL-15235,60623
EA-14035,60623
SA-20830,97756
CH-12070,27604
ND-18460,31204
BS-11755,44105
SL-20155,74403
GB-14530,28110
AS-10045,78745
RM-19375,6450
NH-18610,30076
BF-10975,28205
KH-16330,42104
FA-14230,78207
GW-14605,98115
DA-13450,20016
FH-14275,90004
RK-19300,46614
FM-14215,90032
AC-10420,77041
JB-15400,6010
GM-14440,10009
RF-19840,78207
NC-18625,80013
NG-18355,43055
AH-10075,89015
CH-12070,19143
CC-12145,98103
ME-18010,94122
BP-11230,99207
MP-17470,43229
CJ-12010,11561
JC-15775,78207
CK-12760,32216
LF-17185,10011
CC-12430,19143
DL-12865,76248
PG-18895,94122
EH-14005,33012
TB-21520,45014
DK-13225,92646
JP-15520,32127
CD-11980,97504
AS-10090,22901
AC-10450,55407
RA-19945,33178
Co-12640,29501
DW-13480,48205
DK-12835,97477
MD-17860,46203
RP-19855,32712
RW-19540,90008
DB-13660,11572
FH-14275,77041
EH-13990,30076
AS-10630,33437
HA-14905,2038
CH-12070,48227
EH-13765,13601
MZ-17515,19601
SC-20230,76017
NP-18325,92024
GM-14680,90045
RH-19495,80219
VM-21685,98105
CC-12670,85254
SV-20365,70506
NP-18685,94109
JE-15715,80020
CP-12085,62301
EA-14035,75007
AC-10615,10009
RW-19690,65807
DB-13210,7501
BD-11320,74133
ML-17755,60623
JD-16015,60610
AS-10225,36116
AA-10375,97301
KT-16465,85301
MM-18280,31907
NG-18430,73120
LW-16825,94513
CB-12415,43229
AS-10090,65807
CB-12415,19134
ML-17755,97477
JS-16030,77036
ND-18460,23320
LW-17215,91104
JW-15955,40214
SC-20050,79424
RW-19630,65203
CM-12190,60623
JF-15190,37604
SC-20800,77041
AM-10705,36830
BK-11260,92404
RH-19510,2908
GM-14500,93727
MC-17275,98103
VM-21685,93534
GP-14740,1453
GB-14530,76106
CT-11995,55901
CW-11905,59715
SN-20560,85345
EB-13705,92105
JW-15220,44107
KB-16585,77095
MC-17590,8861
CK-12595,19134
RD-19480,47374
TP-21130,48227
GG-14650,90049
ZC-21910,91767
CC-12610,19134
KA-16525,91761
TC-20980,98105
DB-13270,94513
TR-21325,94122
BF-11080,21215
MS-17365,85023
CK-12595,90008
ED-13885,77036
IM-15070,10009
MY-17380,91730
MM-17260,19805
MP-17470,56560
AW-10840,87401
SF-20065,28403
SN-20710,39212
RD-19900,97206
KT-16480,80219
AH-10120,85705
BM-11650,10009
BW-11200,33437
HG-14965,75150
SG-20080,92374
RK-19300,14609
SW-20245,95207
RW-19630,98105
TS-21085,32174
JB-15400,94086
EH-14005,48911
EH-14005,19143
BS-11665,19143
JK-16120,19134
RF-19345,3820
WB-21850,19134
TB-21625,75051
CB-12415,10009
GT-14635,11561
TS-21160,17403
WB-21850,94521
DO-13435,10035
AF-10870,77840
RB-19435,63116
AR-10540,2169
DR-12880,10009
BF-11170,75081
LB-16735,90032
DV-13465,55407
NK-18490,32725
LH-17155,45231
DW-13480,94601
KF-16285,95336
HA-14920,78041
JH-15820,44240
LC-16930,76903
IL-15100,94122
LS-16975,77070
CC-12610,77041
PB-18805,84106
CJ-12010,10009
HK-14890,93905
RH-19600,35810
IL-15100,47201
AS-10240,90049
AP-10915,98105
AG-10390,37918
BF-11080,36116
LT-17110,72209
BT-11305,98103
CG-12040,37620
AW-10930,60505
RB-19705,10009
ML-17410,6824
VB-21745,48146
SW-20275,10035
NS-18505,95123
DB-13555,32216
MH-17620,94110
DK-13375,43302
EA-14035,19134
BT-11440,80122
LA-16780,78745
GM-14680,10024
AA-10315,94122
DB-13405,46350
JH-15820,60610
DJ-13630,97206
CT-11995,46203
RH-19510,84604
SJ-20125,60610
TG-21310,90049
CT-11995,19134
BF-11005,91104
JM-16195,90004
JK-16120,92105
HG-14965,94110
LA-16780,4401
TS-21610,94122
MZ-17335,92024
MW-18220,10035
MV-17485,22204
AA-10375,30318
SM-20320,28110
TP-21415,98115
DK-13225,14609
MK-17905,33180
CS-12130,98105
JL-15850,94122
AR-10405,90036
LM-17065,38671
JK-15625,98115
FM-14215,6457
SF-20200,47362
PJ-18835,37130
CS-12355,24153
BB-10990,43615
BW-11200,90032
RS-19420,98115
TS-21160,31907
QJ-19255,10009
VD-21670,10011
JL-15505,48640
DL-13495,31907
MO-17800,30076
BP-11185,60623
MS-17980,77041
SV-20935,10009
BC-11125,85345
EM-13825,57103
BD-11500,23223
HW-14935,98115
KC-16255,42420
BM-11575,10035
KN-16705,80525
JD-16150,19140
LA-16780,90004
RW-19690,47905
KW-16570,37042
CC-12220,6824
RH-19495,10009
JK-15625,43229
DC-13285,31088
GM-14455,2038
CL-11890,60623
PV-18985,53209
LT-17110,78207
AM-10360,90032
SC-20260,94122
CP-12340,10024
RF-19840,43229
AB-10060,22980
EH-13990,95823
MN-17935,20735
KL-16555,45014
MP-17965,2886
BF-11020,60505
TP-21130,30080
MS-17770,43229
KM-16375,91360
BE-11455,44052
CV-12295,93727
DK-13375,92105
SG-20605,10009
CS-12355,2148
PJ-18835,10035
NP-18700,94109
SB-20290,29501
HM-14860,77340
MG-18145,90045
TM-21010,94122
BE-11335,94122
AS-10630,19120
EM-13810,90036
JA-15970,90045
TB-21595,53209
PP-18955,1040
ML-18040,87105
LC-16930,89431
MC-17590,92236
CR-12580,60126
SV-20935,45014
MZ-17515,76017
RB-19795,94110
HM-14860,98103
AZ-10750,10009
JH-15910,77070
PJ-18835,22153
CA-12265,87401
PW-19240,80027
SW-20455,33614
AF-10870,7055
AM-10705,90004
BD-11320,19143
CM-12385,29406
CS-12400,95123
DB-13405,10011
JG-15160,7060
SC-20380,98115
CS-12460,10009
MK-18160,23602
CM-11935,28314
PF-19225,90032
GM-14695,90036
DC-12850,10011
FO-14305,75220
AH-10210,98105
KN-16705,98105
CB-12535,19711
TB-21250,10024
KD-16345,90049
JM-15865,14701
KT-16480,77095
SC-20575,46544
BS-11800,92037
BT-11395,94109
DC-12850,33178
LS-17200,60076
RR-19315,94110
KL-16645,94122
RB-19435,77070
MY-17380,90045
AW-10930,73120
KW-16570,71203
DB-12910,33614
BB-11545,60623
NP-18700,43402
PB-19105,77095
DW-13585,7090
CD-12790,73120
TT-21220,77041
DB-12910,33311
DJ-13510,72209
DL-13495,19120
LO-17170,92253
SV-20365,44105
EM-13810,94122
KD-16615,85254
NB-18580,19134
AP-10720,2148
JE-15745,95123
JM-15865,85023
AB-10105,42420
PN-18775,29203
JC-15775,32303
PF-19165,10035
BW-11110,77070
BP-11185,33065
TM-21010,84057
MB-17305,37211
HR-14830,10009
BD-11635,42104
SF-20200,98226
SP-20620,10011
DR-12880,43055
VM-21685,60098
CM-12235,75007
SM-20320,47905
RA-19885,31907
SD-20485,22304
CS-12250,76117
RA-19285,10024
BF-11005,90004
SE-20110,60090
RS-19765,29483
BM-11650,47201
SK-19990,10024
EN-13780,10035
KN-16450,32216
MG-17890,92024
MC-17590,76017
BO-11350,90045
AG-10300,90049
MS-17365,94110
JM-15655,88220
MC-17635,63116
TA-21385,10024
SB-20290,45503
JF-15295,98103
BF-10975,28314
TT-21265,90045
SB-20170,10035
LM-17065,71901
KA-16525,60505
BF-11170,27604
TB-21400,74133
SH-19975,92345
AS-10225,84604
PK-19075,94110
HR-14830,85234
DG-13300,10035
CL-12700,65807
HF-14995,38109
HG-15025,79109
NL-18310,90045
RR-19525,1852
DB-13615,28806
SV-20785,81001
MH-18115,49201
CT-11995,90004
KB-16315,27360
RA-19285,61604
YC-21895,90032
RA-19915,60653
CM-12160,19134
CS-12130,80112
AJ-10795,98115
BE-11410,43130
SM-20320,32216
RP-19390,21215
JD-16015,10009
AB-10255,88220
CC-12145,90049
GH-14425,32216
CP-12085,44107
GM-14440,12180
BT-11305,98105
CP-12085,10024
SC-20680,31907
DK-13375,10024
SE-20110,92627
LF-17185,77095
ON-18715,27511
TB-21400,22304
DF-13135,94591
EP-13915,19120
SK-19990,43615
FH-14350,98105
EH-13945,7060
JE-15715,88001
KL-16645,19711
EB-13750,35244
BD-11725,43055
MS-17530,92037
SC-20770,94122
FM-14380,28540
KT-16480,2038
AP-10720,75034
RH-19555,32303
CS-11950,98115
TM-21010,95687
HF-14995,90008
GA-14515,94122
ES-14020,10035
JP-16135,31907
Dp-13240,84107
NK-18490,94110
PL-18925,19140
RW-19690,19134
MO-17950,75220
JJ-15445,53186
BT-11680,33311
RD-19585,48205
ML-17755,45503
JE-15745,92037
ER-13855,80906
JM-15535,93309
SS-20140,33068
TC-21295,10035
HG-15025,55044
LD-17005,48234
AS-10285,19134
MP-17965,45373
CD-12790,90036
MD-17860,78415
BM-11650,68104
KN-16450,90278
IG-15085,72209
JS-15595,33180
GA-14725,97301
DL-13330,88001
CS-12505,94122
CC-12145,79907
MH-18025,98115
MP-18175,53209
DR-12940,2038
DM-13015,92024
BD-11620,92804
DC-12850,76017
MT-18070,77041
MJ-17740,43130
ND-18370,97206
CA-11965,35244
GA-14725,90036
TC-21295,32303
JB-15400,10009
CK-12325,23320
RL-19615,28314
AC-10660,77340
BH-11710,19140
BG-11695,60098
XP-21865,2149
SN-20560,60653
DM-13345,30076
AJ-10780,32137
KC-16255,19120
VF-21715,47201
SV-20935,11572
EM-13810,2038
RB-19360,57103
DJ-13510,92037
CC-12370,28314
SC-20380,30318
RH-19495,32839
JK-15370,94122
AF-10885,43615
LC-16885,33710
BF-11275,85705
SC-20800,90036
SW-20275,92105
MC-17845,10035
TD-20995,92037
Dp-13240,7090
SD-20485,7050
TM-21010,60098
BK-11260,94110
JF-15490,94122
EP-13915,85281
EP-13915,90008
KH-16630,98105
HG-14845,70601
JC-16105,14609
KM-16720,11561
EB-13975,28205
PW-19240,77036
PG-18895,10035
DB-12910,31907
CR-12730,60610
KH-16330,60035
DL-12925,55122
ME-17725,98103
CK-12205,11550
DL-12925,46060
SE-20110,75220
LS-17200,19140
MM-17920,94109
DB-13270,78745
RW-19630,48234
JM-16195,13601
BP-11155,31907
CT-11995,55124
TH-21550,27217
ME-17320,48601
TT-21220,94109
GT-14710,98105
JD-16150,53209
MC-18100,90049
LH-17020,94122
MP-18175,92024
EM-14140,85301
GG-14650,10035
MA-17995,13601
SH-20395,45503
KT-16465,90032
PO-19180,98115
AY-10555,92054
Co-12640,60076
JF-15565,28314
AR-10510,74133
AG-10675,75002
DV-13045,19143
HL-15040,14609
ND-18370,29464
GB-14575,19134
CL-12565,98115
RC-19960,97477
JB-16045,31907
MC-17635,90032
TT-21265,10024
MJ-17740,48227
PB-19150,85023
NW-18400,19120
VP-21730,48310
RD-19810,14609
MG-17875,10011
PA-19060,54703
CR-12730,10009
AA-10375,91730
JG-15160,42071
RR-19525,43615
SR-20425,80027
LS-16975,10035
MH-18115,78577
SC-20095,84084
JB-16000,78521
AC-10450,10011
MO-17800,19140
RB-19645,59102
AI-10855,23320
DR-12880,97030
DM-12955,48146
JH-16180,97030
AB-10060,19143
BD-11605,71203
AS-10045,91104
KF-16285,90805
CC-12430,55407
DB-13615,98105
TC-21475,31907
NZ-18565,83642
SW-20350,48227
TS-21370,60623
DM-13345,43055
RE-19450,75081
JD-16150,19711
BF-11215,87105
ML-17755,43615
YC-21895,19711
LR-16915,90045
BS-11755,90032
KM-16375,75217
BT-11530,92037
KB-16405,92307
DW-13480,40214
JC-15340,10024
TP-21415,77070
DB-12910,42420
BH-11710,19711
TD-20995,60440
CV-12805,76106
CS-12355,10024
JG-15310,2908
JP-16135,43229
EC-14050,10024
KH-16630,77070
FG-14260,60505
AA-10480,65807
MS-17770,98105
JE-15610,33801
BP-11155,10011
CC-12100,90049
JP-15460,11572
LS-16975,75081
JL-15850,10035
CY-12745,78207
RB-19360,45231
AR-10825,78745
CS-11845,98105
AR-10825,90004
RD-19810,10035
KH-16510,98103
NF-18385,43055
SM-20950,55369
GH-14410,85301
EM-13810,10009
DB-13210,28540
PT-19090,77070
HF-14995,94109
KW-16435,48911
KC-16675,32303
PK-19075,29203
KT-16465,60623
EP-13915,48227
AP-10915,80525
SH-20395,10024
SM-20950,10011
BM-11650,21044
TC-20980,77041
KB-16585,1852
JE-16165,95695
DR-12940,60610
RW-19630,10035
ML-18040,77489
JL-15130,77036
CM-12655,39212
FH-14365,10009
EH-13945,85281
TB-21280,28540
AH-10030,19134
TT-21070,44312
RD-19900,92037
LA-16780,93727
SH-19975,77581
SF-20200,47374
TH-21235,19134
VG-21790,94403
NP-18325,94601
FH-14275,10024
JP-15460,8701
ES-14080,85281
KL-16645,10035
BN-11515,10009
ND-18370,77095
JL-15130,92503
RC-19825,6824
CC-12475,10024
DW-13195,77095
CK-12760,22204
EG-13900,60623
SJ-20215,75051
BP-11185,98103
SJ-20125,98103
MC-17590,49505
MA-17560,60610
CC-12220,98105
RA-19885,32216
DK-12835,37064
LB-16795,60035
CM-11815,77506
TS-21205,94109
RF-19345,33180
JF-15565,19120
EH-14185,35601
VW-21775,57103
KN-16450,93277
SJ-20215,90049
PS-19045,90032
KM-16225,66212
GM-14695,22304
KT-16465,27604
MH-17785,10035
AF-10885,45014
JP-16135,74403
RD-19585,92592
JF-15295,48310
CK-12595,92024
KH-16510,75081
CM-12655,10035
EB-13870,85023
MW-18235,94122
CS-11950,19140
SP-20620,78041
GT-14635,10009
AH-10030,39503
TH-21100,92037
HG-15025,11572
EB-13750,78664
SC-20725,92374
TS-21505,38401
TH-21550,10009
KD-16270,77095
GM-14455,60653
PR-18880,94601
TB-21055,2169
ON-18715,92399
AH-10195,60623
NM-18520,98105
AR-10510,10024
BM-11650,92037
CA-12310,6010
NF-18595,60610
AF-10870,60610
TC-21535,10024
Dp-13240,2151
MC-17425,77036
LC-17050,92691
BM-11650,75217
NW-18400,89115
BS-11755,94122
SO-20335,11550
PO-19180,77095
TD-20995,19120
SP-20620,33614
MS-17365,10035
Dp-13240,28205
DB-13660,75081
MG-17650,98103
EH-14185,77506
CL-11890,19143
KF-16285,46203
DH-13075,40475
LA-16780,60477
HZ-14950,77095
CM-12190,90004
LB-16795,43229
JF-15490,43229
GM-14695,94122
SS-20590,53711
TC-21475,80013
CC-12430,10024
CL-12565,90004
DE-13255,52001
SZ-20035,43130
LF-17185,90301
AB-10165,98006
NM-18520,60610
RA-19945,75217
PO-19195,94122
KA-16525,10024
JD-16150,10011
JO-15145,19140
LE-16810,19711
AH-10690,10024
KN-16705,36830
TB-21250,90049
DP-13390,94110
KN-16705,27604
ST-20530,31204
EB-13870,37211
AH-10210,37211
AS-10090,19143
EM-13825,75081
KA-16525,8861
HJ-14875,32216
ND-18370,32216
EH-13765,2151
MH-17455,28540
CL-11890,94122
SF-20965,43229
EP-13915,48127
RW-19630,66212
SJ-20500,87505
SP-20620,94110
PJ-19015,36608
CC-12610,22153
MY-18295,19711
DB-13210,28601
MG-17875,33311
RH-19600,60188
KB-16240,56301
CA-12055,90036
JK-15730,36608
RD-19930,78745
JK-16120,10009
SC-20020,75023
HW-14935,60653
SC-20800,39212
HA-14920,28314
MG-17875,60505
DM-12955,95823
DM-13345,50315
ML-17395,92105
GA-14515,75081
SU-20665,39212
BD-11320,92024
DB-13405,32839
RP-19855,47905
EH-13765,10035
JL-15835,90049
FM-14380,10024
SB-20290,42420
SV-20365,43229
MM-17920,77840
RD-19810,40475
ME-17320,60653
FH-14275,19120
PO-18865,90036
CC-12550,90008
TS-21505,94122
MD-17350,44312
GT-14755,90049
RD-19660,64055
DB-12910,75220
JK-15640,98105
FC-14335,75150
JW-15955,11561
DC-12850,33161
FM-14290,93309
MT-17815,39212
DK-13090,68025
KD-16495,49201
AG-10300,94122
MH-18115,43130
AC-10450,70506
FM-14290,40475
RA-19285,77070
JG-15160,10024
NZ-18565,43615
KM-16225,19143
LC-17140,19140
NP-18700,80219
RB-19330,19143
TH-21550,21044
CK-12595,10024
GB-14530,43055
NC-18535,75217
AB-10255,19134
SC-20770,78207
JC-15340,19120
RA-19285,90004
SH-19975,37167
JC-15775,31204
BC-11125,94109
JH-15985,98103
CC-12610,43229
DB-12970,90004
PP-18955,45503
MC-17845,90008
VF-21715,90045
MC-17275,38109
DB-13210,48234
AJ-10945,46226
CP-12340,32216
DB-13555,43017
EB-13750,33317
JP-15460,85301
SC-20050,49201
FM-14290,2169
TB-21250,97301
EH-14125,45373
ML-17410,19143
MH-17620,92105
BT-11680,20735
JC-15340,92503
DB-13210,34952
DO-13435,85204
FA-14230,80219
QJ-19255,22153
TC-21475,98115
ON-18715,85281
AD-10180,10701
AC-10615,14609
MF-17665,43615
DH-13075,35601
EN-13780,75220
SS-20140,75150
RS-19765,90045
JW-15955,98103
JK-15625,98502
JO-15550,68104
TP-21130,31907
BS-11590,47201
AB-10255,39212
FO-14305,77070
MF-17665,85023
SA-20830,60653
SH-19975,80219
JL-15235,19711
KH-16630,20735
RM-19750,10011
VM-21835,19711
LH-17155,49201
WB-21850,10011
AP-10915,29730
RA-19915,31907
DR-12880,90301
JG-15310,79762
LC-16870,43055
GB-14530,90049
TS-21160,53214
MH-18025,60623
DM-12955,77036
JJ-15760,77036
KB-16585,33012
CM-12160,94122
FM-14215,19140
RF-19735,29203
JK-15370,33180
JB-16045,91911
PN-18775,33180
LF-17185,10035
RH-19510,66502
MC-17575,19120
MN-17935,38109
EH-14125,33311
TC-21535,43229
JD-15895,90045
IL-15100,77041
SW-20350,68104
DP-13390,90004
BT-11395,16602
JE-15475,10024
EJ-13720,92037
BE-11410,33178
KL-16555,27405
NC-18415,28540
AH-10690,33317
PK-19075,53209
NG-18430,62301
ZD-21925,32216
NW-18400,36608
HG-14845,10024
CC-12685,10011
RW-19540,48234
LS-17230,19901
MY-18295,43229
JM-15655,85301
KM-16720,89031
KE-16420,37620
TS-21370,90049
SZ-20035,48187
JE-15745,72701
DH-13675,2169
GT-14755,61107
GH-14410,94122
DM-13015,78207
TC-21295,80229
JK-16120,60653
NC-18415,10701
AJ-10960,92037
LC-16885,61821
GW-14605,94122
SC-20305,46226
JF-15355,92105
DM-13015,37604
EP-13915,33614
JG-15805,62521
PF-19120,85234
DW-13195,37918
CK-12595,60653
CC-12670,47401
SV-20785,30076
SP-20860,90036
MS-17770,77036
TC-21475,60440
SJ-20125,71854
DS-13180,78207
SC-20800,78539
SH-20395,43615
SF-20965,77520
MG-17680,19143
CS-12400,90045
VT-21700,19143
AB-10105,77581
MM-18280,10035
ML-17410,85023
KD-16495,23320
RF-19735,60610
SC-20305,60623
BN-11515,98103
JS-15880,78550
VG-21805,19140
AW-10840,93309
LS-17230,75051
MH-17455,46142
TS-21340,10024
MG-17695,14215
DO-13435,90036
AF-10870,33030
SN-20710,77506
MO-17500,11520
ON-18715,80219
SC-20095,2169
MS-17710,48205
DN-13690,94109
RB-19360,37211
NH-18610,48227
ED-13885,90045
PW-19240,19140
DM-13345,28806
DW-13540,10024
EH-14125,80906
KE-16420,78207
SP-20920,90036
PS-19045,48310
JM-15250,10009
EB-13930,23223
FG-14260,98105
TH-21235,10024
PL-18925,98115
CC-12370,90045
JM-15535,90712
KF-16285,7060
CS-12175,38401
AR-10540,2895
MS-17770,17602
DB-13120,33614
DK-12895,53142
MP-17965,34952
Dp-13240,98115
CC-12220,78207
KM-16660,30076
MK-17905,80027
SC-20725,90036
CC-12475,19143
BT-11305,54880
FH-14350,30318
AA-10645,19013
JO-15145,94110
SF-20965,76021
CS-12355,70506
SN-20710,98042
JM-15655,44052
AJ-10795,94110
JF-15565,94110
CS-11845,77070
SP-20920,60653
KE-16420,10035
GA-14515,10011
SM-20950,19134
DK-12985,60610
LC-16885,94601
XP-21865,60610
BD-11770,19143
DL-13330,28027
KH-16630,28205
TP-21415,75081
NP-18685,46203
SC-20680,74012
DK-12895,33023
SM-20950,68104
LS-17245,28540
KE-16420,97224
MC-17635,62521
Dp-13240,85023
LC-16930,95823
LH-16900,72401
TB-21175,10035
JM-15865,44312
KW-16435,41042
SC-20095,55407
ZC-21910,77095
RB-19465,68025
JK-15370,92105
DD-13570,77041
MC-17275,10011
DL-13495,48227
NC-18625,77095
TS-21340,90036
MM-17920,19120
LP-17080,98103
BG-11695,13601
MG-18145,32216
GZ-14470,22204
JL-15835,28205
DO-13435,98103
AB-10600,60623
KB-16315,33021
TT-21070,23320
PV-18985,90036
DD-13570,22304
RA-19285,19120
SS-20590,67212
JH-15820,48640
EH-14125,94110
RB-19330,78745
CB-12025,19134
MP-17965,37620
SW-20245,19140
SM-20950,60610
AP-10915,31907
AH-10465,10035
EP-13915,3820
TP-21565,80013
AR-10825,11561
HJ-14875,85204
JK-15370,93727
JF-15355,29203
EK-13795,92704
RS-19765,29203
BD-11320,90045
BF-11170,94109
JK-15730,77036
CR-12820,10035
AG-10300,2038
CM-12160,21215
SG-20890,78501
CS-12175,52240
HL-15040,19711
DM-13015,77070
HK-14890,83704
BG-11740,92105
CK-12595,90032
RF-19735,10024
CJ-12010,19134
MA-17560,10024
AM-10705,2920
AH-10585,60623
PF-19120,40475
RD-19480,46544
JL-15505,10550
AB-10600,90004
NC-18535,94110
TB-21400,98103
SJ-20215,62301
EB-13840,60623
WB-21850,50322
SR-20740,98103
VG-21805,47374
LS-16945,75220
MA-17560,19143
NF-18475,61107
MD-17860,19134
MZ-17335,98105
KB-16600,49505
MA-17995,90004
ME-17320,22153
JD-15895,90036
LS-16975,21215
SJ-20500,6824
BS-11365,10011
RA-19285,33801
TS-21610,61032
KB-16585,97504
MM-18280,98103
LO-17170,10035
RS-19420,6824
CC-12475,56560
KT-16480,31907
DM-13015,19143
EP-13915,77036
AM-10705,98115
SH-20635,38301
LA-16780,21215
SF-20200,84107
AG-10495,98105
KN-16450,75220
NF-18595,98105
BS-11365,8701
RM-19675,10011
AB-10105,46203
CA-11965,77642
EH-14005,37211
ON-18715,77095
EB-13870,19140
DW-13195,97756
MB-17305,95610
TH-21235,90032
PO-18850,32303
DE-13255,44107
MO-17500,75056
AH-10585,98105
CS-12250,90032
WB-21850,90045
SP-20620,11561
AB-10165,90045
HA-14920,94110
DC-13285,23223
ST-20530,87105
KB-16315,44312
TB-21355,7060
JC-15775,10011
PO-18850,33012
SS-20875,98052
RD-19720,32114
GZ-14470,86442
SN-20710,90049
DK-12895,37064
VM-21835,46368
GB-14575,22204
ND-18370,94110
MM-17260,10801
MV-17485,85204
JL-15130,43130
AG-10330,95207
MD-17860,28806
RO-19780,37042
RR-19315,60505
CP-12340,2886
LL-16840,70506
NC-18340,58103
HA-14920,60623
MA-17995,46226
LH-16900,46514
SB-20290,44240
BT-11305,91776
PS-18970,42420
TB-21625,94110
RA-19915,60035
BP-11095,94122
CD-11920,10035
KB-16585,75081
SW-20245,45503
AH-10690,92024
JL-15835,19120
GZ-14470,21044
RC-19825,80906
CL-12565,10009
MW-18220,19140
BF-10975,47201
SN-20710,90004
TB-21280,10024
JB-15400,1841
AH-10210,94122
KL-16645,48205
MH-17455,45011
EC-14050,43229
GH-14665,60610
SC-20095,33063
TB-21355,30328
DW-13195,87105
CL-12565,74133
LT-17110,7050
AP-10915,42420
CB-12415,60653
MT-17815,77642
DK-13375,48185
SR-20740,47401
AA-10645,94109
AS-10630,94110
MC-17575,95123
SE-20110,80219
DS-13030,80013
NS-18640,83704
KA-16525,10035
DJ-13510,19140
MG-17680,44060
BD-11620,73505
CD-11920,10024
XP-21865,90049
CA-12055,77036
JM-15250,90032
JK-15730,43229
CC-12670,90032
GW-14605,19140
GR-14560,94110
FM-14215,93309
MS-17980,77095
BF-11170,90045
VS-21820,90036
KM-16225,65807
LP-17095,85023
BG-11740,77070
BW-11200,23666
PS-18970,74133
RB-19570,98105
JW-16075,94109
ND-18460,32216
LC-16930,47374
BP-11095,80027
RD-19720,10024
BE-11335,13440
RS-19765,43302
KC-16540,77041
MB-17305,10009
TN-21040,95336
MC-18130,90004
VF-21715,98115
ES-14080,2908
MK-17905,60653
TM-21490,73120
RL-19615,60610
NM-18520,6040
EB-13930,54601
SG-20470,29501
ND-18370,85301
CM-11815,79907
HM-14860,90049
SJ-20125,33023
MC-17575,28314
DB-13660,77095
NM-18445,67212
AB-10255,90036
MG-17650,49201
SE-20110,83501
AG-10765,23666
AS-10045,10035
AR-10405,39401
AP-10720,19140
JB-16000,19140
TS-21430,90045
NL-18310,94526
TC-21475,20016
MG-17650,53209
MG-17890,21215
BF-11170,28540
MS-17770,14609
JE-15745,92054
HG-14965,39503
EP-13915,32216
GH-14410,77070
DS-13180,77095
TH-21550,2149
RM-19675,90049
SF-20965,19805
SO-20335,38401
CK-12760,10011
GA-14725,48858
BD-11725,94122
DS-13180,94122
BS-11380,94122
JF-15565,23602
HA-14905,80525
Co-12640,98105
BC-11125,10011
EB-13840,23223
DB-13360,10009
KB-16585,98103
AH-10120,94110
GH-14410,8861
KT-16480,94110
KH-16330,61032
SV-20785,19140
PO-18850,32216
AC-10450,33024
KB-16585,98115
DB-13555,76106
AG-10270,19120
JF-15295,84321
RE-19450,13021
MV-18190,27604
GB-14530,19120
HL-15040,47374
BP-11155,17602
CT-11995,85705
JL-15835,48205
JK-16120,78745
DH-13075,77095
AG-10900,6708
WB-21850,90049
JO-15280,19120
EJ-13720,77340
LT-16765,80027
CM-12655,98115
EM-13960,21215
DJ-13420,94109
DE-13255,90004
NR-18550,60505
CK-12325,98103
JF-15490,30605
LB-16795,32712
MP-18175,10009
LH-16900,94110
SV-20935,75217
RB-19435,92105
Dl-13600,10035
PS-19045,4240
GT-14755,90805
CS-12355,98115
JD-16060,55901
TS-21160,94110
BV-11245,98103
DL-13495,99207
EB-13870,37064
ES-14020,38301
JB-15925,78745
SC-20380,33024
EB-13870,19143
TC-21475,61832
NR-18550,91911
DB-13270,10009
NS-18640,78207
CS-11860,28540
CC-12430,94109
AC-10450,85323
CM-12385,60610
EK-13795,92025
CK-12760,11561
PK-19075,19711
MH-18025,14215
GB-14575,67212
IM-15070,80906
MM-18055,10011
MF-18250,90036
CK-12595,30062
MK-17905,32216
MH-17455,19140
NG-18430,90008
PB-19210,19134
RE-19450,54703
EB-14110,19134
TB-21625,90004
MG-17695,19134
LW-17125,6360
PF-19120,78207
NZ-18565,85364
JE-15610,90036
JO-15145,40475
TT-21220,10035
MS-17365,54401
MP-18175,94110
FH-14350,43017
SC-20050,42420
NM-18520,43402
JO-15280,38109
CC-12475,8701
MZ-17515,90008
MS-17830,14609
GK-14620,97301
MC-17275,99301
LH-17155,94601
SS-20140,60302
GK-14620,7960
GM-14455,78745
SH-19975,10011
SC-20725,10024
TT-21070,98103
SC-20440,17602
KL-16645,77095
KN-16390,43229
SL-20155,27707
PW-19240,32503
TB-21175,42420
AH-10210,92804
SC-20695,48227
RF-19345,30062
EH-13765,98103
AC-10660,44134
SG-20470,97030
CA-12310,92804
SH-20395,10035
MC-17605,77070
JE-15610,3301
MS-17530,45014
BH-11710,37604
ME-17725,98105
MB-17305,77573
BM-11575,20877
SC-20575,60653
MH-18115,35810
AR-10345,1841
MO-17500,60623
AD-10180,6824
KD-16345,10009
FM-14215,98103
ZC-21910,80013
KS-16300,84043
DP-13390,35401
BD-11605,94109
IL-15100,19805
LP-17095,47905
JH-15985,90278
JD-16015,98115
DL-13330,10009
NC-18415,48073
AS-10225,94109
MS-17980,10009
TS-21205,89031
JK-15730,75007
TC-21535,90008
AB-10015,98103
DP-13000,33311
CY-12745,38401
BE-11455,2908
KL-16555,32216
PS-19045,92054
JR-16210,32216
AH-10210,10024
RW-19630,60610
AH-10075,92646
IM-15070,92105
CK-12760,37211
AG-10390,10009
CL-12700,80906
AW-10930,94110
HG-14965,60653
RB-19645,38109
SZ-20035,10011
KS-16300,27604
SC-20050,90045
AB-10060,90004
EH-14125,23602
CC-12475,90032
SC-20695,47374
Dp-13240,10035
LR-17035,19134
TS-21370,85023
SW-20350,44105
TH-21100,43615
SS-20410,90008
MZ-17515,10011
JE-15475,92037
RF-19735,73120
CV-12295,60653
VG-21790,94109
BB-11545,8360
HR-14770,53209
SC-20260,98115
EG-13900,60540
TS-21370,19805
AI-10855,90036
DD-13570,60610
AB-10060,98198
KB-16240,19140
JC-15775,30318
AH-10465,75217
NM-18520,92553
TP-21130,40324
DL-12925,55407
CA-12265,19805
SC-20380,27217
TT-21460,90008
MA-17560,48183
JM-16195,94109
MB-18085,90049
SV-20365,77070
CG-12040,53209
BD-11500,94122
JK-15640,44105
JM-15580,28110
SC-20230,1852
ME-17320,75081
KN-16390,19120
HM-14860,80538
JM-15580,80538
KH-16690,2895
BK-11260,60610
PN-18775,93309
AZ-10750,75217
GM-14500,19140
BM-11785,32725
NH-18610,31907
PN-18775,37211
EH-13765,19134
HA-14905,60610
AB-10150,75220
MS-17365,88220
DD-13570,19134
MT-17815,10009
GM-14500,11572
KB-16585,70506
DM-13015,10009
BP-11185,92804
EP-13915,32725
FG-14260,10009
AB-10255,98103
RD-19480,92105
TS-21430,73120
JA-15970,10550
SW-20455,94109
FP-14320,10009
JL-15835,90045
JL-15175,85224
JG-15160,11561
SH-19975,94109
LS-17200,59601
CS-11860,10011
KW-16570,63122
GH-14410,60653
AG-10495,85345
TS-21430,98103
AJ-10945,48180
SJ-20215,91104
SC-20020,48640
LA-16780,48205
FC-14335,81001
CA-12265,76706
JH-15985,94109
AJ-10795,10024
BT-11395,90036
DJ-13510,2895
AG-10675,31907
JD-15790,32216
EH-14125,19140
ZC-21910,47201
XP-21865,77506
DK-12985,94122
CS-12250,29203
AI-10855,98031
AA-10315,78664
RE-19450,94601
TM-21010,13021
YS-21880,19711
AZ-10750,10024
CM-12445,92374
JB-16000,48066
LC-16930,10011
CA-12775,48205
SR-20425,48234
PP-18955,65807
JM-15865,90036
AS-10090,10011
LS-16975,94109
SA-20830,93727
LS-17200,71854
TM-21490,94110
TT-21265,46203
DN-13690,21044
EB-14110,95123
CM-11815,98115
HM-14860,75007
KM-16375,22204
BF-11020,90032
JE-15745,60423
EJ-14155,98105
BN-11470,19143
EC-14050,31907
TT-21220,23464
NP-18685,98198
AH-10195,18018
CC-12145,73120
DL-13315,91730
XP-21865,90032
MA-17560,19120
SZ-20035,77036
CS-11845,98103
MH-18115,10701
CB-12025,94110
JO-15145,90008
PA-19060,33142
KL-16555,72701
BC-11125,79762
PO-18850,23464
AG-10675,53209
SP-20860,55901
LH-17020,80027
AD-10180,94122
KT-16465,77036
PJ-19015,33180
MC-18100,44256
BO-11350,55113
DP-13000,77041
TM-21490,10701
DV-13045,92037
AH-10690,22153
AB-10165,62521
JS-15940,75043
BV-11245,11572
NC-18415,77095
SU-20665,27834
DJ-13510,94110
DL-12865,27405
Dp-13240,37918
TM-21010,68801
TZ-21580,90712
SC-20260,1841
LS-17230,90049
MV-18190,77036
BD-11620,10035
CV-12295,10011
KB-16315,19711
ME-18010,98105
AJ-10780,85254
DV-13465,11572
JK-15325,75220
SC-20725,90045
CS-12250,55125
LH-16900,60068
YC-21895,75217
CY-12745,71203
AH-10030,90004
AR-10540,94109
SS-20590,94122
DW-13585,28314
NC-18625,75217
CD-11920,67212
DW-13195,97477
EH-13990,77041
BD-11320,98103
KH-16630,44312
NH-18610,48237
AG-10495,77041
RP-19855,98103
NB-18655,19134
JM-15580,90045
DM-13525,77070
CC-12220,19143
GA-14725,72756
CV-12805,90045
NC-18535,98105
GR-14560,19805
JG-15805,84604
EB-13750,94110
MC-17605,90004
BM-11650,43130
HF-14995,90004
ML-18265,98103
AH-10195,10024
TZ-21580,90045
DM-13345,94109
TS-21505,88101
TB-21625,67212
LC-16870,60653
AM-10360,68104
JE-15715,77041
CS-11950,19134
PF-19225,90045
PJ-18835,40475
JF-15490,6708
NM-18520,90045
MH-17290,90036
SZ-20035,94122
PR-18880,33710
FC-14245,44107
LH-16750,85224
RM-19675,90008
DM-13525,32137
EH-14185,10035
TC-21295,33458
AI-10855,85301
JM-15535,10035
BE-11335,77041
DR-12880,10035
TA-21385,66062
KN-16705,89431
PJ-18835,61107
MC-17605,19143
BS-11755,98026
PK-19075,94122
TS-21205,28806
BD-11725,90032
TS-21340,85254
ST-20530,77095
DB-13210,94109
KF-16285,92105
JM-16195,45011
TS-21505,80134
YC-21895,68025
Dp-13240,55369
SJ-20500,19711
KB-16240,33180
CS-12250,92105
EB-13870,33142
PB-19150,33178
MT-18070,78207
BF-11020,32216
CG-12520,77070
DH-13675,94122
SC-20440,19140
HG-15025,43302
MM-18055,10024
TH-21115,19140
JE-15745,90036
PG-18820,30080
MB-17305,94122
JD-16015,60653
JH-15430,97504
EN-13780,10009
KC-16255,35810
MS-17980,19134
CK-12205,95051
SJ-20125,90805
EA-14035,90008
MG-17890,93101
AB-10255,10009
SC-20260,32216
TB-21355,75104
CK-12595,72209
SS-20590,68701
MG-17890,3301
JM-16195,84020
SG-20470,94109
DB-12970,77036
JW-15220,36116
KD-16495,39212
IL-15100,89031
JE-15610,30318
SU-20665,60610
EA-14035,43229
RF-19840,91104
LC-17050,90004
PS-18970,20735
PS-18970,10024
JO-15280,92037
VP-21730,10011
GA-14725,93534
EM-14140,59405
DB-13615,94110
ML-17395,8701
JH-15430,44105
BP-11095,1841
SB-20185,3301
SV-20785,21215
DO-13435,43229
TB-21355,77041
BS-11380,10011
FM-14215,27405
JL-15835,10024
AF-10870,94109
BG-11035,71203
MB-17305,45231
HW-14935,98105
AB-10105,10011
JP-15460,10035
DV-13045,38109
CM-12190,92105
SC-20695,54601
VW-21775,90032
PP-18955,98115
DR-12880,33180
RB-19465,19143
NF-18385,23320
CR-12580,10009
SU-20665,48104
SC-20050,91941
ML-18040,48126
GM-14440,92024
JK-15640,44107
AT-10435,6450
AH-10690,30076
SJ-20125,98105
HM-14860,7960
JB-16000,84106
AJ-10795,92307
MM-18280,10009
TH-21235,90805
AH-10120,97301
CL-12700,80013
JG-15310,43055
SE-20110,98103
TG-21640,83201
SH-19975,75081
MC-17275,98105
PJ-18835,98115
ZC-21910,60610
SC-20680,49423
BP-11230,74012
RD-19585,30605
KL-16645,98105
CK-12205,32712
RB-19705,77070
KM-16225,21215
AH-10465,94109
AG-10765,60623
EB-14170,78041
CA-12055,44105
SS-20875,43302
RP-19390,6824
SC-20440,10009
NW-18400,10024
KW-16435,60653
HR-14770,10035
AG-10900,23223
BM-11650,48104
RD-19720,47905
KB-16585,97477
DW-13585,94109
VG-21805,60653
DR-12880,10011
AH-10690,77095
JP-15520,53711
DR-12880,6460
JK-15625,10024
MV-17485,90049
BP-11155,94109
DH-13075,94533
LH-16900,27834
DK-13090,11561
SS-20410,60089
FP-14320,92037
LC-17050,40475
AS-10240,22153
HG-15025,76106
BH-11710,33012
JP-16135,90032
JM-16195,92630
FH-14365,11561
MC-17575,98103
EB-13870,96003
PM-19135,78207
AR-10345,77070
SS-20875,1453
SC-20440,90032
EA-14035,65807
TP-21130,76706
BP-11290,90036
LM-17065,13021
KT-16465,94109
AP-10915,90008
JD-15790,90049
XP-21865,95928
JK-16090,97477
MG-18205,32216
PG-18820,93309
LD-17005,10011
MN-17935,79907
RD-19900,91360
JP-16135,45503
KE-16420,75220
DL-13315,37918
KB-16240,37421
JD-16150,92037
AC-10450,33614
LS-17245,13501
CS-12175,94122
AR-10510,43229
KB-16405,10035
MM-17920,47374
RF-19735,92105
BP-11290,28027
MJ-17740,33178
DO-13645,90036
MV-17485,98115
MG-17875,22204
BS-11665,92105
PO-19180,55113
DA-13450,23464
AH-10690,75220
JK-15730,94521
MS-17530,72032
JK-15640,19120
CM-12235,72209
RS-19420,6450
BP-11185,19143
MA-17995,82001
EB-13705,92804
RD-19900,47401
EH-14005,72401
FM-14290,19140
FG-14260,1841
MV-17485,10011
JW-15220,92105
EH-13765,94109
LS-17245,94110
BP-11050,2920
CC-12220,42301
JM-15580,21215
RD-19720,60610
SS-20410,30318
KD-16495,90036
PL-18925,90049
ZD-21925,47374
LS-16945,94110
PB-18805,94122
PC-18745,7090
FM-14290,94122
KD-16495,95123
SC-20680,98115
DW-13585,42301
PF-19120,10035
DK-13225,10011
RB-19435,22153
GD-14590,98226
RA-19885,35601
DB-13555,72701
RL-19615,19120
RB-19465,98103
JF-15295,75023
RW-19690,90049
VG-21790,90032
JM-15265,90036
BE-11455,50315
CB-12535,38671
SD-20485,77041
SG-20890,10009
TS-21430,19601
DK-13225,94109
ML-17395,90045
MA-17560,90004
LR-17035,94109
BE-11335,10009
CC-12145,92105
BD-11770,10024
JK-15640,10011
DB-13615,28205
RR-19525,66212
SV-20935,85204
RB-19465,74133
MV-18190,10035
EH-14185,19143
JS-16030,39401
ES-14020,90049
NS-18640,43229
SH-19975,83605
RF-19345,85023
DL-12865,33142
AG-10390,90004
SW-20245,12180
KN-16390,2740
GB-14530,29501
CL-12565,90049
KF-16285,90008
AY-10555,90049
BD-11635,43229
HG-15025,70065
CB-12025,75104
LS-16945,2908
DM-13015,43130
AC-10615,98115
LT-17110,28540
AH-10585,33142
SS-20140,3060
TD-20995,10011
PP-18955,90036
PG-18820,75007
AA-10645,40324
FA-14230,90008
TB-21520,85635
AH-10075,37918
CP-12085,85705
BF-11215,55407
CP-12340,33142
LS-17245,77036
TS-21655,53209
JS-15940,43130
NF-18385,78539
KN-16705,10009
GA-14725,19120
EH-14125,14609
RA-19285,92037
TT-21070,19120
AH-10465,38134
CC-12430,90712
KD-16495,19120
BG-11035,78745
FH-14365,90008
PG-18820,10011
NZ-18565,77070
TB-21595,79424
JE-15475,77095
EH-13945,92627
BF-10975,30076
PC-18745,80538
SV-20365,10035
Dp-13240,19143
HR-14830,33178
WB-21850,75051
AS-10090,60653
SP-20920,44134
SP-20650,94061
CM-12655,10011
JR-16210,97477
CB-12415,60610
SD-20485,76021
SS-20140,90036
EH-13990,10009
AH-10030,94109
EM-14200,23464
TB-21190,10011
AB-10165,37087
AO-10810,90045
TT-21220,91911
KN-16705,78501
FO-14305,33021
GA-14725,94110
NC-18415,93454
JF-15190,6040
GT-14710,68104
KM-16660,95123
PJ-18835,94122
AC-10660,94109
JG-15310,90805
RM-19375,31907
EK-13795,94110
RD-19585,90004
CV-12805,19120
AG-10330,74133
GM-14440,90049
MC-17605,33801
MM-17920,22153
MH-17440,10035
NZ-18565,65807
GB-14575,29203
DB-13270,97206
JK-15625,19120
AM-10705,60016
MW-18220,98103
AG-10330,77095
CM-12160,19143
RA-19915,47201
SB-20185,60201
PK-19075,92307
SV-20935,43229
MG-17650,43302
CM-12445,77095
ME-18010,43302
YS-21880,98103
MB-17305,98632
AS-10240,90278
MC-17425,10035
PG-18820,40214
JS-16030,48183
JB-16000,90045
DK-12985,37075
JF-15490,97206
PO-18850,75061
BT-11530,44105
NW-18400,50701
JF-15415,98105
AC-10420,19120
TB-21280,10009
HA-14905,95123
LH-17155,90008
LO-17170,3301
DP-13390,38401
CR-12580,98006
KB-16405,98105
ML-17410,47201
MC-17575,60623
VM-21685,30062
VW-21775,36116
GK-14620,75023
AT-10435,33319
AR-10825,43229
JH-15820,10009
RA-19285,47374
RO-19780,98115
LR-17035,11561
MK-17905,61107
YS-21880,31907
AT-10735,37211
RM-19675,2138
BB-11545,94601
AS-10285,60067
DK-13375,98105
JH-15910,45231
JK-15205,43302
EH-13765,90049
VW-21775,44107
CG-12040,37087
EB-13705,94122
NF-18595,95928
ME-17725,24153
AZ-10750,90008
RF-19345,10024
AJ-10780,1915
SF-20965,92024
MZ-17335,94109
SB-20170,60623
AH-10210,75220
NK-18490,78415
AI-10855,10035
TP-21565,97405
LW-17125,93030
NG-18355,6824
NG-18355,49201
EB-13750,92677
SP-20860,32216
SP-20545,10550
RB-19795,48640
DB-13660,19711
NB-18655,94109
XP-21865,48185
MH-17455,10011
BG-11740,90008
DB-13660,43130
EM-14140,19711
RB-19465,10024
PO-18850,94109
AG-10900,75217
BF-11275,33178
HG-14845,19120
BS-11590,10011
JD-16015,19120
CS-12250,98103
FC-14245,90032
SE-20110,97477
CK-12205,98059
DS-13030,10009
SA-20830,95123
TP-21565,75051
CC-12430,10009
LA-16780,38109
AW-10930,19143
BP-11230,90004
DB-13360,6708
PC-19000,85224
TB-21595,45503
TB-21250,78745
MV-18190,48234
DK-12835,22153
PK-19075,10011
AH-10120,75217
GM-14455,3301
BD-11725,70506
RM-19375,27604
BW-11110,99207
GT-14710,77041
AH-10120,40214
DR-12940,33021
DL-13495,85224
BD-11620,19120
HW-14935,74133
JO-15145,84020
RD-19660,94601
DO-13645,1841
CC-12370,19120
SH-20395,28540
FC-14335,60610
JG-15160,83201
LC-16885,75023
CC-12220,10024
BW-11110,10024
JJ-15445,60623
TT-21460,77095
EH-13990,6450
PR-18880,60025
BT-11680,77036
EC-14050,94110
SP-20650,10009
AJ-10780,21215
AS-10630,40214
AA-10375,37087
EH-13945,90008
DB-13270,2908
CC-12100,48234
VT-21700,77070
DB-13060,38401
BS-11590,19140
NR-18550,33024
KN-16390,10011
JW-16075,28540
JM-15535,10011
MF-18250,19120
FA-14230,32839
KH-16510,77095
SS-20515,40214
LC-17050,44256
VW-21775,10011
LD-16855,60653
SP-20545,19143
DK-13150,10009
FC-14245,94109
RD-19480,94122
AR-10540,49201
CC-12100,19120
CA-11965,2886
BT-11530,10024
MG-17875,79907
TP-21130,55901
GT-14710,14215
FH-14365,37918
HK-14890,19711
CC-12220,98103
DP-13000,44105
VF-21715,60126
GH-14410,55044
JH-16180,10035
RB-19465,90036
LS-16975,60653
EB-13750,14215
DK-12835,95661
SC-20260,76017
CT-11995,1841
CB-12025,76706
KM-16720,77095
RD-19720,98105
BP-11050,7060
EJ-13720,90008
RO-19780,22204
MS-17530,98105
DW-13585,98026
AM-10705,24153
BG-11740,33445
KB-16585,94110
GT-14710,10024
SV-20815,46203
GG-14650,43229
SV-20785,32216
ON-18715,20735
RA-19945,80022
SV-20785,92704
KB-16585,20735
AG-10495,90049
JK-16090,40214
MV-18190,90045
CP-12085,65807
VP-21760,94109
PM-18940,77590
TB-21400,10024
EH-13990,98006
GW-14605,10024
NP-18685,27893
JE-15715,98115
BE-11455,65807
SS-20590,94109
MB-18085,28205
RP-19390,10011
AJ-10780,44052
PO-18865,46203
WB-21850,97756
MP-18175,97477
BF-11020,76017
KM-16375,85234
DB-13405,1841
OT-18730,23464
JS-15880,75061
CA-12775,8360
MH-18115,31907
RB-19645,90032
SB-20290,92024
TW-21025,22901
DL-13330,46226
SD-20485,85023
TB-21055,6450
DP-13390,53132
DE-13255,90008
MC-18100,61701
HG-15025,90032
CM-11815,94109
RP-19855,77095
LS-17200,53209
DR-12940,70601
CC-12475,21215
SS-20515,53132
JF-15190,10024
SW-20455,92024
SG-20470,27893
CS-12355,90805
SC-20695,33311
BF-11170,21215
GZ-14470,87124
SP-20650,95207
PJ-19015,43229
DB-13060,60076
CK-12325,71901
SF-20065,27534
DP-13105,90032
VM-21835,3060
SF-20200,98103
MF-17665,33180
BV-11245,37167
KE-16420,80013
EM-14200,33142
BT-11680,94122
MM-18055,60623
SP-20860,3820
CS-12355,43017
KB-16600,10009
AA-10375,10035
BP-11155,7501
TC-21145,8701
BG-11035,27405
DB-12970,10035
RL-19615,60623
SJ-20215,60653
CS-12175,8701
NC-18535,85023
CW-11905,90004
CM-12115,10024
PT-19090,78207
CL-12700,10009
HF-14995,21215
JC-15775,19143
JH-15910,30318
CC-12610,27707
IM-15055,95661
BF-11170,95823
CS-12355,6824
MC-17605,60610
MC-18100,77041
LW-16825,85023
KH-16510,91767
RB-19645,30318
GD-14590,98208
EB-13705,77095
PS-18760,19140
GH-14425,98105
LO-17170,61604
CS-12505,90036
YS-21880,36116
TC-20980,47905
PW-19030,10009
CS-11860,10024
DP-13165,60610
BM-11575,90640
DL-13495,91360
BF-10975,8360
FC-14335,90503
MP-18175,45373
AJ-10795,22153
BC-11125,92020
RS-19420,90036
NP-18670,85023
BT-11440,60423
BP-11230,90045
JO-15145,53132
MF-18250,72209
MY-17380,78207
SC-20230,90004
RF-19345,60610
SG-20080,98105
TB-21520,77705
MM-17920,23320
CG-12520,75217
TW-21025,98105
BD-11320,55407
HA-14905,45503
LL-16840,90032
SS-20140,31907
CK-12205,44107
VS-21820,60540
TN-21040,10009
HR-14830,92646
JS-15595,60653
BN-11470,94513
AR-10405,48183
SW-20455,98103
JE-16165,29406
LH-16900,43229
VG-21790,98103
EM-13960,94109
EM-13825,90049
JH-15910,33407
NP-18700,60623
SH-20635,95823
BM-11785,98115
HG-14965,19143
BM-11140,93101
PS-19045,10011
MS-17710,36830
JL-15235,10035
KM-16660,90032
RD-19900,94109
ST-20530,19140
BP-11095,79907
TA-21385,60653
PS-18760,79907
NP-18700,98105
SC-20260,10009
RD-19930,90032
TH-21115,19711
GM-14680,10011
JO-15550,95661
ZC-21910,60505
AP-10720,10011
GK-14620,75217
HM-14980,90008
LS-16945,90004
AR-10570,31907
RH-19510,94110
TB-21190,92503
JD-15895,29203
MP-17965,10011
JB-16000,98632
CC-12145,77095
CY-12745,85234
EP-13915,72401
DL-13315,30318
SO-20335,90036
BP-11095,10024
JA-15970,48227
BB-11545,33311
DK-13375,79605
RH-19600,23666
AG-10300,89115
JB-15400,61107
KC-16675,40214
DR-12940,61761
DW-13195,90045
ME-18010,77642
JF-15490,10009
SP-20860,60623
KN-16390,45503
DB-12910,93905
FM-14215,40475
SM-20005,10035
AP-10915,80219
SP-20545,10024
RD-19585,10011
MC-17575,68025
EB-13750,10011
JE-15610,92105
CS-11860,33801
PB-19105,30080
AT-10735,10009
SV-20365,19134
PJ-18835,75217
NM-18445,94521
TR-21325,37211
BF-11005,80013
WB-21850,92804
KH-16630,84062
KL-16645,97477
MG-17890,97301
JF-15355,14609
RS-19765,90008
NL-18310,90049
AS-10285,75081
SU-20665,60653
CK-12205,78501
JM-15580,98105
JE-15715,28205
AR-10825,94521
AH-10075,19013
GA-14515,90004
JF-15415,89431
KH-16690,90032
CC-12685,42420
JF-15565,62521
RP-19390,10009
CD-11980,10011
DF-13135,10009
SM-20005,85254
SG-20890,79109
LH-16750,19140
EJ-14155,92704
KH-16330,43055
KM-16720,10035
LW-16990,89015
IG-15085,98103
JP-15460,10009
GG-14650,98103
MM-18280,37167
SO-20335,98105
MF-18250,10035
JG-15160,30318
JM-16195,19711
PK-19075,37211
TT-21460,47374
SS-20875,33180
TG-21640,63301
HP-14815,23464
MH-17290,19140
CB-12415,11561
VD-21670,77070
SR-20425,35401
AG-10330,85204
BP-11095,28540
JW-16075,60610
LH-16900,31907
KT-16480,7050
CC-12220,90032
BF-11170,60623
MS-17770,23223
AH-10030,12180
CK-12595,2908
NP-18325,94122
SG-20605,94109
HK-14890,77070
MY-18295,19140
RC-19960,21215
JO-15145,30605
MW-18220,43130
NZ-18565,90032
JM-15250,21215
ED-13885,77095
DW-13480,92024
JK-15205,33012
JS-15880,30318
PO-19180,10035
HF-14995,33311
VB-21745,14609
MG-17890,60174
BO-11425,10024
CM-12115,94109
LC-16930,85023
EH-13765,98115
MC-17275,93010
HW-14935,48205
LC-16870,94109
TG-21310,10035
MC-18100,60623
RB-19360,94122
ES-14080,19134
RD-19720,94122
SC-20380,6824
GB-14575,10011
FP-14320,90049
EA-14035,19143
SC-20305,95123
JF-15355,91104
TP-21415,19134
RL-19615,90049
SB-20170,90032
JS-15595,43229
BP-11155,90008
EM-13825,33021
SC-20695,48066
EM-14140,54880
GZ-14545,91360
ML-17395,19134
PG-18895,22153
DK-12835,77095
SJ-20215,38401
AG-10675,28027
EB-13975,27405
AW-10930,59601
JK-16120,33311
TC-21535,94110
PW-19240,21044
JK-15730,60653
LC-17140,44105
BS-11365,73120
AG-10525,77095
SC-20725,94122
LR-16915,37211
CB-12415,90036
RD-19900,98006
NC-18340,77036
NB-18655,19143
JK-15730,60016
DO-13645,33437
MG-18145,75023
LH-17155,95123
MM-18280,10024
SC-20575,33178
TN-21040,60068
ZC-21910,10024
NB-18655,10011
KH-16330,97123
MN-17935,10009
MY-18295,60623
CS-11950,10024
MC-17845,99301
SC-20050,91505
SP-20650,60623
PR-18880,33614
SM-20950,10035
KC-16255,10009
SG-20470,30318
TB-21520,10009
DV-13045,32216
SC-20020,77095
JB-15400,53209
GH-14425,95351
MG-17650,44107
RD-19660,19134
SN-20560,94109
AH-10690,48205
MZ-17335,85023
AR-10345,19143
JF-15295,90036
DS-13180,19140
TG-21310,27604
BT-11395,67846
JF-15190,90805
MK-17905,92037
GG-14650,61701
MC-18130,98115
ML-18265,28314
AG-10270,68104
TT-21070,37421
LT-16765,45014
DD-13570,90049
DB-12970,10024
DM-12955,45014
ME-17725,60610
TR-21325,98103
SH-20395,10011
CB-12535,93010
ML-17410,60653
JG-15310,90032
JS-15880,43615
AG-10270,10011
MG-17890,97224
SC-20770,19134
BS-11755,19143
LC-17140,77070
MH-17440,39212
RD-19720,85023
BP-11095,93030
BF-11020,98105
CP-12085,98042
JL-15235,90049
JG-15805,92105
VP-21760,78521
RD-19810,60610
MH-18025,37918
SJ-20125,77036
FM-14380,60440
KH-16360,60623
LL-16840,22980
AR-10540,90004
NP-18670,98105
LP-17095,93277
AH-10690,90008
TB-21190,90045
AA-10315,10011
AC-10615,19143
EM-14140,84043
QJ-19255,60653
ME-17320,42420
LB-16795,92646
EB-13705,19140
CS-12400,58103
PM-19135,3820
AA-10645,92105
FA-14230,90032
CM-12190,13501
CC-12475,77070
TC-21295,92683
TB-21400,90036
JK-15325,8401
BW-11200,60076
SH-20395,94122
JL-15835,43229
JL-15835,40475
MD-17350,43130
CL-12565,97030
RA-19885,94109
LC-16885,80501
SW-20245,27834
HG-14965,90004
MV-17485,77041
GT-14710,94109
BS-11380,80219
CM-12715,77340
EM-13825,77036
KH-16330,10024
AF-10885,19134
JR-16210,47201
DL-12925,11561
BD-11605,17602
RB-19570,60610
RB-19795,80219
TB-21250,98103
KN-16390,77070
RL-19615,90045
FH-14275,23602
YS-21880,90036
SW-20755,98115
PN-18775,68104
AT-10735,7960
EJ-13720,19143
DM-13345,10024
KH-16690,22153
MB-18085,95661
DK-12895,61107
DB-13210,19134
CV-12295,48234
GK-14620,90004
JA-15970,97477
TH-21115,2908
BS-11665,60623
NS-18505,75220
SA-20830,92553
BH-11710,67846
SC-20380,10035
RF-19345,32839
CM-12235,13601
JM-15655,90032
RB-19435,90004
NM-18445,48234
EM-14095,85023
MP-17470,78521
KH-16360,40214
DB-13555,19711
LB-16795,81001
CA-11965,90036
DL-12925,27834
FC-14335,94110
DB-13120,43302
CK-12205,75081
FW-14395,35810
JM-15865,89115
PS-18970,90049
TC-21475,44107
CV-12805,68025
VS-21820,77340
SC-20575,90036
SG-20605,28806
NB-18580,71111
DR-12940,2908
MA-17560,2149
TS-21655,91730
JG-15115,28205
KM-16375,2908
SD-20485,48640
TT-21070,14609
BB-11545,49201
RS-19420,23434
AI-10855,94513
AH-10120,77036
BF-11170,1841
AA-10480,48234
SV-20815,84057
EH-14185,19120
JL-15850,85204
JM-15250,28314
JB-15925,90032
PB-19105,19140
SP-20620,80906
MC-17605,90032
BG-11695,10009
JO-15550,94109
AR-10345,78745
TS-21505,44105
GA-14515,79907
TN-21040,32303
TW-21025,98103
PA-19060,75220
JD-15790,77070
MN-17935,45503
GM-14500,98103
DG-13300,98105
AG-10330,28205
JF-15355,21215
SC-20680,94110
CM-11935,85705
KT-16480,90036
CP-12340,6708
EK-13795,60610
CW-11905,11561
KH-16510,22204
AB-10600,28540
AH-10075,43229
CK-12595,28205
SP-20620,14215
JP-15460,77041
BG-11035,38109
CC-12550,75023
SL-20155,97301
FO-14305,31907
BB-11545,21044
DO-13435,97206
LB-16735,32303
TS-21205,92503
CS-12505,43130
SP-20920,94109
CD-12790,92553
RF-19840,23320
FO-14305,60623
ER-13855,28205
PB-19150,10009
LW-17215,60653
FG-14260,19120
BP-11050,60623
SP-20860,75217
JD-15895,89115
FM-14380,79109
MP-17965,6457
HR-14830,10035
BW-11065,19120
MS-17710,93727
SJ-20125,37064
VS-21820,27604
DK-13090,20735
MG-17680,90049
DP-13390,89031
CJ-12010,94109
CW-11905,2920
PP-18955,19711
PW-19030,90036
PW-19030,13440
CY-12745,60610
BW-11110,92105
MB-18085,77036
CR-12820,33407
EB-14110,90045
SH-19975,98103
CV-12295,50315
AT-10735,10024
AG-10390,22204
GM-14500,78577
JK-15205,22204
DW-13540,77070
AS-10090,75061
TS-21205,60653
SM-20320,90049
BH-11710,39401
LW-16825,10024
JA-15970,44221
KA-16525,98103
TG-21310,85204
LS-17245,90045
MO-17950,28540
CA-11965,44107
DB-12910,92630
DK-12835,97206
EB-14170,28205
DR-12940,60505
JS-15685,19140
LC-16870,80229
JP-15520,95616
TS-21655,72701
NM-18445,10011
EH-14125,26003
DC-12850,38109
DO-13645,77036
LS-16975,75217
RW-19630,94122
RD-19720,95037
RB-19570,60174
JE-15715,44105
PO-19195,19140
JK-16120,75043
JP-16135,92024
Dp-13240,6708
PP-18955,33021
RF-19840,22153
KH-16330,10035
EM-14200,75217
DK-12835,10024
MC-17425,97206
RW-19540,94513
DS-13180,92037
GA-14725,75081
SC-20380,79907
KD-16345,10035
KH-16330,2151
GG-14650,95928
JS-15685,33023
BP-11095,90049
CC-12610,80219
SP-20860,19134
JK-15625,39212
CC-12100,90045
DP-13000,77095
SF-20065,7011
EH-13765,60623
DN-13690,98115
PJ-19015,11561
MA-17560,53081
VM-21835,33433
MM-18055,80013
CR-12580,92037
BS-11365,98105
RD-19585,52001
KD-16270,90032
AA-10645,1852
MC-18100,98270
AA-10645,73120
QJ-19255,19134
JM-16195,80013
TB-21625,10009
NF-18595,43130
BF-11020,95351
NP-18670,63116
HM-14860,75217
DM-13525,10035
JF-15565,78207
NM-18520,79109
AG-10270,1841
BF-11275,31907
JC-15775,90032
PV-18985,2138
DO-13645,84106
HA-14905,10035
SH-20395,44221
JM-16195,28403
DK-13225,10035
CM-12715,19140
BF-10975,10009
SF-20965,19134
CB-12025,90049
TC-20980,11561
LW-17215,14609
NS-18640,94109
JM-15250,77340
RF-19345,30344
CA-12055,10009
KH-16690,97477
LC-16960,22204
JL-15130,28403
DM-12955,85364
MV-18190,92404
NS-18640,21215
AS-10630,98103
MT-17815,94110
SR-20425,10035
DK-13375,98115
SV-20935,87105
RH-19510,90045
SB-20185,90045
CR-12820,77041
EG-13900,19140
RD-19930,60623
JM-15865,76903
LW-16825,77506
RW-19540,90049
BG-11695,67846
TT-21220,90045
EB-13930,60653
FP-14320,19134
JA-15970,95351
TS-21655,77070
DP-13000,60610
JD-15895,92503
GH-14485,75081
RD-19585,90008
CS-12490,33801
NK-18490,19140
AZ-10750,92037
Co-12640,73505
AG-10675,24153
EM-14140,92704
CA-11965,57701
RB-19360,98115
RD-19720,6457
MS-17830,21215
PG-18820,92105
KB-16240,79762
RB-19465,6460
JD-15790,7109
JJ-15445,10035
LT-17110,92105
AH-10690,94122
AB-10060,98105
FM-14380,39212
GH-14410,90049
HE-14800,60623
SZ-20035,10035
CM-12115,90008
TG-21310,98198
DK-12985,97477
SS-20410,19120
BM-11575,60653
MY-17380,60623
AG-10900,60623
SG-20470,20852
CC-12370,10011
LR-16915,27707
DB-13120,93101
LP-17095,37918
KD-16495,10024
SA-20830,32114
BG-11035,37211
DM-12955,37211
MC-17845,75220
ML-17395,37130
RD-19930,75217
AB-10015,76017
EA-14035,91104
SF-20065,2149
BC-11125,12180
PF-19165,30328
SE-20110,95123
CJ-12010,32216
PT-19090,32216
LH-16900,10009
BW-11200,94122
BS-11365,31907
DP-13390,60505
MS-17365,60653
DK-12895,98103
SN-20560,48066
TC-21475,72701
AM-10705,28540
AJ-10960,10035
KH-16360,19901
LP-17095,60505
JE-15715,10009
MY-18295,92020
FC-14245,45503
ND-18460,10550
DB-13360,44107
LC-16960,33614
BD-11725,31907
MC-17605,28540
SZ-20035,60174
DH-13675,33180
LC-16885,45373
JO-15145,98103
MT-17815,10011
EB-13750,22204
RS-19765,28205
RB-19435,95661
OT-18730,48234
GZ-14545,90036
NL-18310,94110
BG-11740,93309
MT-18070,74133
BC-11125,94122
GW-14605,77036
BD-11500,31907
PV-18985,77573
HM-14980,27217
EM-14065,10009
SF-20065,75220
ND-18370,11561
FC-14245,33012
KL-16555,60505
XP-21865,7109
FP-14320,10024
PS-18760,1810
CW-11905,19711
KH-16360,22204
TC-20980,35601
YS-21880,92345
CC-12220,23320
ZD-21925,90036
JK-15370,35810
GM-14440,37918
JW-15220,1841
BO-11350,19134
XP-21865,30605
MM-18055,59405
TS-21655,79907
JL-15235,34741
SZ-20035,98105
LR-17035,95051
SV-20365,90049
MG-17890,93727
NC-18415,76106
SC-20680,98105
RO-19780,94110
JL-15175,94110
PW-19030,33068
MF-18250,77095
CC-12220,60653
MH-17440,77036
CD-12790,6484
CV-12805,94601
TB-21625,6040
DG-13300,7050
RD-19810,44312
EJ-14155,2038
BD-11620,28403
MR-17545,77095
SR-20425,45503
TH-21100,85301
BD-11635,10009
SM-20950,90036
HE-14800,19711
JK-15640,92404
ON-18715,27217
TH-21100,24153
MD-17350,75217
AH-10075,76017
ML-17755,52302
LB-16795,98105
NP-18670,8701
EB-13750,45231
RP-19390,80229
DC-12850,48066
DJ-13510,85281
CL-12565,19601
NC-18340,55124
KN-16450,21215
SC-20260,78415
AM-10705,89115
MM-17260,98105
BN-11470,60623
JB-16045,43229
DB-13615,85705
JB-16045,19120
AH-10075,2920
AI-10855,94122
TH-21115,77070
JE-15610,90049
TH-21235,60653
JE-15715,77070
AT-10735,6010
JH-15820,49423
DR-12940,87105
AB-10165,80027
MC-18100,10024
IG-15085,6360
FH-14275,94122
AS-10285,46060
PN-18775,37042
GM-14500,33021
NC-18625,17403
TW-21025,85204
BF-11020,10024
TT-21460,94110
SW-20245,90036
PG-18820,68104
DP-13390,19120
DJ-13510,10024
EN-13780,49505
PB-19150,98115
BD-11560,93727
SE-20110,22204
AT-10735,90049
CC-12685,79424
AS-10225,80501
AB-10150,10701
DH-13075,90045
SR-20740,90049
NR-18550,79109
SJ-20125,75217
LC-16885,10035
NS-18640,77041
NS-18640,32839
HG-14965,41042
SF-20200,10009
EM-14065,75034
DO-13645,7501
MY-18295,53209
DB-13615,94109
SP-20920,43229
ME-17320,90008
BS-11755,48227
KS-16300,31907
CC-12475,94122
HD-14785,19143
KB-16315,90008
HR-14830,19140
TB-21625,10035
DS-13180,31907
GB-14530,80013
VB-21745,77041
MC-17425,60623
CB-12025,35601
PM-18940,22153
DC-13285,33317
LA-16780,77041
DJ-13420,53209
MH-18115,32771
BG-11035,75056
SV-20365,45373
DP-13105,11550
SR-20740,75081
BT-11680,77041
JK-15640,94110
ST-20530,34952
TS-21505,3301
CM-12190,55901
MC-17590,78666
MH-17440,92025
RD-19720,19134
KB-16240,90049
FC-14335,19140
BD-11770,19120
FH-14365,11550
SO-20335,80634
PM-19135,32216
GD-14590,22204
PA-19060,94122
LS-17200,93727
JL-15175,89502
CA-12310,78207
CM-12160,2740
BT-11440,10035
SE-20110,93030
HG-14965,90036
PF-19165,94601
BD-11770,98026
BT-11395,90004
EM-14095,10024
LC-17050,75217
FH-14275,37064
CM-12235,85023
FM-14380,33178
HG-14965,80906
AG-10525,10011
OT-18730,18018
SV-20365,19140
JM-16195,40214
HM-14980,98105
PO-19180,53142
KC-16675,42420
DB-13120,75217
SV-20935,85345
NS-18640,28540
MH-17455,90032
RR-19525,37211
RH-19555,28205
RP-19390,98103
KB-16600,60623
MH-17620,45231
HZ-14950,33311
JG-15160,77041
AB-10165,90712
HJ-14875,94122
CJ-11875,19140
ED-13885,98115
KB-16315,44105
JS-16030,62521
PO-18850,76063
RD-19810,77070
JD-15895,23223
TZ-21580,94122
TN-21040,92024
PW-19030,13601
AH-10075,90036
AY-10555,19140
SP-20650,44312
ED-13885,94110
CR-12625,49505
CS-12400,94109
TS-21205,37211
RP-19390,19120
NF-18475,89502
PP-18955,10009
JD-16150,90008
EJ-14155,92037
TS-21430,92105
BM-11650,44035
AW-10930,77070
MH-17290,33178
SW-20275,98115
SP-20860,37130
SC-20695,63116
PW-19030,98105
CS-12250,10024
RP-19855,55125
CS-12175,37421
MJ-17740,19140
JG-15160,70506
AG-10765,46226
CK-12205,97123
HD-14785,2138
BO-11350,92105
LC-16885,10009
RB-19465,32303
JD-16015,43615
MF-17665,21044
BF-11170,30318
FO-14305,95823
BB-11545,76106
IL-15100,43229
PO-19180,80027
DB-13555,27604
LC-16960,10024
MP-18175,60623
EA-14035,77340
BM-11785,97301
CM-12715,77070
JD-16150,83301
AS-10630,37918
CM-11815,85023
JE-15715,28110
AG-10525,23223
BP-11095,90008
MJ-17740,84057
KT-16480,19134
CS-12250,60623
AB-10015,73120
AH-10030,10035
DO-13435,84106
MC-17590,13501
JF-15190,19134
SM-20950,90004
SP-20650,49201
CK-12760,85301
PW-19240,19805
EB-14170,78745
DK-13090,32839
TB-21055,19601
AG-10900,19134
BB-11545,63301
VP-21760,46203
RP-19270,98115
DH-13675,22801
SW-20455,14609
KF-16285,30328
JR-16210,94110
JC-16105,55407
BP-11290,43229
FA-14230,27604
DN-13690,10011
FO-14305,19143
DP-13105,83642
JW-15220,95823
TT-21460,28205
SN-20560,7501
JM-15865,22204
SB-20185,60653
CC-12475,92037
SH-19975,98105
RB-19435,43229
TC-21295,77095
CT-11995,75061
GZ-14470,7960
AM-10360,90008
AH-10120,60505
MY-18295,27707
BS-11590,43229
BB-10990,90036
ML-17755,95207
FC-14245,65203
LC-16960,92037
GZ-14470,77590
BD-11320,90004
EM-14095,22153
BP-11290,62521
SU-20665,10009
AY-10555,94110
EM-13825,92553
SA-20830,2149
CA-12265,37421
CV-12805,78745
AH-10690,23464
DS-13180,14701
AH-10690,33134
ZC-21910,28601
DF-13135,61107
SS-20140,98103
FP-14320,77340
HE-14800,53209
SP-20545,54302
BP-11185,19120
PG-18895,90008
JP-15520,33161
NW-18400,97206
SW-20245,60505
EH-14005,94109
SC-20260,94110
NC-18535,2740
AS-10090,92037
JL-15130,38301
VG-21790,32216
HG-14965,92024
JH-15430,33012
RO-19780,77070
LW-17125,23464
CC-12370,77070
JP-16135,19120
DD-13570,38109
ES-14080,44107
RD-19900,19120
RL-19615,90008
JP-15460,75220
DM-13345,7050
CS-11860,75220
DL-13315,60441
LC-16870,60623
JG-15115,28540
HM-14860,65807
TN-21040,94110
VP-21760,38401
CS-12355,33021
HG-14845,77041
MH-18115,19140
TB-21280,85023
EM-13825,30328
JF-15415,99207
NB-18655,53209
CS-11860,45014
ND-18460,35810
EA-14035,10011
BP-11050,90008
NS-18640,88220
MV-17485,83201
LE-16810,22153
VP-21760,43615
TC-21475,80525
SG-20470,10024
VP-21760,10035
PO-18865,1752
JL-15130,10801
RW-19540,98103
RB-19465,48227
SC-20095,72701
EM-13960,62301
RP-19390,10035
AB-10105,48205
ND-18460,85224
XP-21865,33021
MM-18280,90049
ML-17395,94122
KM-16225,94086
SL-20155,10011
AJ-10780,90004
DK-12835,94122
BK-11260,92704
CC-12670,98103
ED-13885,10011
SV-20785,90045
AR-10825,98103
CS-12250,92024
RR-19525,10035
BD-11500,60653
BM-11785,22801
MS-17365,20852
BM-11140,98198
KE-16420,19134
SZ-20035,47201
MB-18085,65807
DB-13555,42420
CB-12415,44107
SP-20650,68104
GW-14605,42420
KH-16630,92704
BG-11035,22153
LO-17170,23434
DV-13465,90049
LR-17035,77041
RR-19525,27511
TS-21610,45503
AH-10210,40214
DW-13585,45373
AJ-10945,48227
SV-20785,47401
MG-17650,75081
AB-10105,77041
MM-18280,76117
MA-17995,23223
EB-13975,90049
NS-18505,19140
RB-19795,90036
JK-15325,90032
PR-18880,94109
EH-13945,19120
MA-17560,77070
MA-17995,88001
JL-15505,77070
AS-10045,97756
DC-12850,44105
MD-17860,20707
RH-19510,92037
TB-21175,27893
EB-13930,33710
BM-11785,60089
BT-11530,90049
FW-14395,10011
RD-19480,89115
TP-21130,60540
QJ-19255,48234
KM-16720,85323
IM-15055,89115
ML-17395,4401
GH-14410,37075
AG-10900,54703
MG-17695,60610
MJ-17740,92037
SJ-20125,39212
LB-16795,93030
SB-20185,98031
CC-12610,37211
DP-13000,10035
JL-15505,92683
SM-20320,18103
BB-10990,78207
PB-19150,85323
GM-14680,95123
NR-18550,8861
EH-13765,10011
BT-11680,6460
AB-10105,61701
SC-20230,98105
RS-19870,52601
AI-10855,95661
DJ-13420,94110
BF-10975,19120
TH-21235,90049
AW-10930,55407
JW-15955,19120
MH-18025,70506
FM-14290,77803
GZ-14545,90008
TC-21535,90049
TB-21520,90045
RP-19390,85023
LR-16915,90036
MM-17260,43229
NB-18655,32303
DS-13030,94122
VF-21715,94109
SW-20275,10009
PW-19030,52302
KD-16615,90008
DO-13645,71603
GA-14725,65203
JL-15505,57401
SU-20665,98103
FM-14380,48227
MY-17380,38109
NM-18445,89031
CS-11950,11520
PK-19075,10035
HM-14860,10024
AH-10210,42420
FC-14335,87105
CP-12085,33445
SC-20305,19140
HJ-14875,98105
CB-12025,23223
EH-14185,33407
LW-17215,80525
MK-17905,53132
JH-15820,28110
DB-13270,75081
TB-21625,19134
NM-18445,94109
TT-21220,19901
RS-19765,76706
TB-21625,21740
AM-10360,44105
MP-17965,78501
MH-17290,87505
CA-12265,94110
KD-16615,10024
DW-13540,75220
AG-10495,48234
JH-16180,19140
DK-13090,75007
AR-10825,10009
SM-20005,77041
DB-13660,90036
PF-19225,98026
AJ-10945,94110
EB-14110,10035
ES-14080,97477
SS-20410,40324
AG-10900,33065
CY-12745,94110
RP-19270,94110
DB-13360,92503
CK-12325,45373
DN-13690,92553
DP-13105,98115
RO-19780,60623
MA-17560,49201
JD-15895,10024
PS-18970,98105
JF-15415,63301
RD-19480,11561
ES-14080,8701
KN-16390,20735
VP-21760,43229
CS-11950,91104
KB-16600,98105
AJ-10945,90045
PO-18865,7017
DP-13105,54703
GM-14500,60610
CC-12670,33614
SJ-20125,10009
SF-20200,85204
KM-16375,77070
FH-14275,60505
DG-13300,80219
MW-18220,10011
SC-20845,60004
BD-11500,23602
LP-17080,85705
NP-18700,10024
DP-13105,19134
RB-19465,60653
LC-17140,10035
WB-21850,19143
MH-17785,85301
SC-20305,90036
MH-17620,77041
JC-15775,98115
RD-19810,28314
SC-20695,77041
NC-18535,94122
LW-17215,10035
JO-15145,14215
VW-21775,77340
BP-11185,75081
PP-18955,19134
SC-20725,85345
BM-11785,19143
CD-11920,92054
GM-14680,19134
BW-11065,10035
RE-19405,44240
HR-14770,32216
TP-21565,75019
KB-16315,46203
AC-10660,46226
DN-13690,74133
CC-12430,98052
TS-21340,94109
MO-17800,99207
RP-19855,90032
JL-15175,37421
BW-11110,27405
SJ-20500,94122
FG-14260,10024
EH-14125,90712
BS-11590,40214
JS-16030,43229
JC-15775,19711
JM-15265,98115
CD-12280,10024
JM-15265,60653
SS-20410,60543
HG-14845,75220
BC-11125,19134
AB-10255,90008
MY-18295,77036
NF-18385,26003
NB-18655,7501
EM-13960,97206
MF-17665,35810
CM-12385,94110
EC-14050,73120
BO-11350,74012
VM-21835,92691
AB-10060,46142
CM-12235,53209
KW-16570,94109
MM-17920,13440
RD-19900,48127
LM-17065,10024
CS-11845,60623
KT-16480,75217
BE-11410,54915
NF-18475,32216
DL-13315,60653
MS-17710,43402
MM-18055,94110
JB-15400,90049
SG-20605,60623
PB-18805,98115
AC-10615,77705
MR-17545,98103
BF-11215,75217
BW-11200,10011
TS-21610,60610
AS-10045,94110
AA-10375,2908
PS-18970,85023
RP-19270,77095
NC-18625,47201
SC-20020,19140
BD-11560,22153
SM-20950,80020
EB-14110,43229
HP-14815,3301
EB-14170,77095
SM-20905,43055
CG-12040,90045
TG-21640,33614
DK-12835,68025
MB-17305,43229
SF-20065,91767
PS-18760,78207
RB-19705,10035
RS-19870,19120
HJ-14875,48234
SV-20815,33142
BE-11410,94521
AZ-10750,60090
HD-14785,60610
BF-11005,77506
HZ-14950,10024
FC-14245,95823
TP-21130,97477
EB-13705,76063
JP-15520,72401
TD-20995,23464
DM-13345,14609
EG-13900,23320
HG-14965,43130
BF-11080,10024
SC-20095,90045
CS-11950,39212
BD-11320,95695
MZ-17515,98115
PW-19030,90049
BS-11380,43402
DA-13450,43130
ME-17725,75220
MH-17785,79424
BT-11440,48227
MM-17920,43055
NM-18520,10011
MH-17455,55407
TC-21295,2149
MH-17785,98105
EP-13915,90032
JH-15985,28027
CM-12715,98103
FO-14305,85301
MW-18220,55433
MS-17365,90045
HP-14815,85705
AS-10090,10035
CS-12505,91767
ME-17320,93101
MS-17770,94109
KH-16690,92503
LC-16885,90049
AF-10870,92672
AH-10465,35601
GK-14620,27405
KL-16645,94568
FM-14290,19143
JL-15850,77095
GM-14500,93309
MC-17635,47374
CS-12490,10009
AH-10030,94122
EP-13915,94122
FW-14395,90032
KA-16525,92037
SC-20050,76017
PG-18895,23223
TA-21385,10035
PO-18850,77041
SM-20950,6824
SC-20695,45503
HK-14890,48234
BT-11485,19140
KM-16660,90301
SP-20920,93405
LB-16795,19805
JS-16030,94122
CS-11950,90045
MD-17350,19143
LD-17005,94122
DB-13270,19134
AT-10735,77041
DK-13375,17602
CS-12250,54302
JF-15565,10024
TW-21025,10011
TB-21250,61701
SC-20380,83704
KM-16720,1852
EB-14170,98115
JE-15715,90049
NC-18535,23666
AD-10180,19134
NF-18475,68104
KD-16615,90032
EP-13915,92037
JJ-15445,19711
BE-11410,60505
BP-11290,90008
BH-11710,60653
EM-13810,3820
EP-13915,60610
NZ-18565,98115
LC-16870,23223
SF-20965,94109
KM-16375,72762
ML-17395,98103
MC-18100,90036
DB-13660,6457
LW-17215,49505
TC-21535,94122
SC-20050,33012
FM-14215,19143
PF-19225,30318
LF-17185,78207
CL-12565,11561
EM-13825,7501
ME-17725,40214
BG-11035,23666
CJ-12010,77070
KH-16360,77070
SH-19975,60610
CS-12490,43615
JK-15730,95240
PJ-19015,10024
AP-10720,33311
PT-19090,60623
TB-21595,97206
CB-12025,7017
AG-10495,33710
BD-11605,94122
JS-15685,10035
NF-18385,28205
SC-20305,77705
GA-14515,75220
CY-12745,45503
WB-21850,77571
DL-12865,90805
RE-19450,62521
MH-17290,90008
EH-13765,95240
EH-13765,10009
GA-14515,94109
GA-14515,31907
EB-13840,98103
HR-14770,47374
SM-20950,10009
EA-14035,45040
MH-17455,60623
SL-20155,10024
NP-18685,44134
RF-19840,10035
BE-11455,44105
JK-15370,10035
CC-12100,44105
LL-16840,30188
KE-16420,90008
SG-20605,47905
RD-19585,13501
VG-21805,8701
SH-19975,53209
MM-17920,60623
JF-15415,60653
LP-17095,45014
MP-18175,45503
SC-20845,80027
DP-13000,75007
KD-16615,92804
RP-19855,40475
KN-16390,93101
TM-21010,52302
JF-15190,10035
MY-18295,77803
AT-10435,44312
JF-15490,60653
DH-13075,10035
IM-15055,94122
KH-16510,92404
JK-15205,14304
AS-10240,19120
SC-20575,2920
CP-12340,90049
NS-18640,10009
JL-15835,94122
MD-17350,92804
RD-19660,98103
NH-18610,19120
HW-14935,46203
DB-12970,90045
KN-16705,10801
AJ-10945,85224
CL-12700,41042
CM-12655,77041
AS-10240,19140
RB-19435,7060
MP-17470,30080
RC-19960,77041
AP-10720,90032
SW-20455,70506
TB-21055,45014
RC-19960,49505
DV-13465,11561
ML-17410,90008
RA-19885,30605
TB-21400,33180
DB-13060,92627
CC-12220,92683
